{"Train/Planner/Optimizer/goal_network0_lr": 0.0001, "_timestamp": 1719870746.9106512, "Train/Planner/Loss": 0.05063968800008297, "Train/Planner/recons_loss": 0.05063968800008297, "Train/Planner/kl_loss": 2.3245811462402345e-08, "Train/Planner/goal_loss": 0.05063968800008297, "Train/Planner/Grad_Norms": 0.007743158519734304, "Train/Planner/Reconstruction_Loss": 0.05063968800008297, "Train/Planner/KL_Loss": 2.3245811462402345e-08, "Train/Planner/Encoder_Variance": 0.9999999725818634, "Train/Actor/Optimizer/policy0_lr": 0.0001, "Train/Actor/Loss": 0.0010527931140677537, "Train/Actor/L2_Loss": 0.0010527931140677537, "Train/Actor/L1_Loss": 0.00046230537052906586, "Train/Actor/Cosine_Loss": 0.24465234339237213, "Train/Actor/Policy_Grad_Norms": 0.05299346954768554, "Train/Loss": 0.05169248111415072, "Timing_Stats/Train_Data_Loading": 0.002359286944071452, "Timing_Stats/Train_Process_Batch": 0.000688469409942627, "Timing_Stats/Train_Train_Batch": 0.008335419495900472, "Timing_Stats/Train_Log_Info": 0.0005093892415364583, "Timing_Stats/Train_Epoch": 0.011933537324269612, "System/RAM Usage (MB)": 1738, "_runtime": 7696.875630140305, "_step": 2000, "Rollout/Return/Lifteither": 0.5, "Rollout/Return/Lifteither/mean": 0.449, "Rollout/Return/Lifteither/std": 0.2902395562289882, "Rollout/Return/Lifteither/min": 0.0, "Rollout/Return/Lifteither/max": 0.88, "Rollout/Horizon/Lifteither": 326.36, "Rollout/Horizon/Lifteither/mean": 349.35150000000004, "Rollout/Horizon/Lifteither/std": 35.52992397613595, "Rollout/Horizon/Lifteither/min": 287.8, "Rollout/Horizon/Lifteither/max": 400.0, "Rollout/Success_Rate/Lifteither": 0.5, "Rollout/Success_Rate/Lifteither/mean": 0.449, "Rollout/Success_Rate/Lifteither/std": 0.2902395562289882, "Rollout/Success_Rate/Lifteither/min": 0.0, "Rollout/Success_Rate/Lifteither/max": 0.88, "Rollout/time/Lifteither": 2.974298906326294, "Rollout/time/Lifteither/mean": 3.1166958540678023, "Rollout/time/Lifteither/std": 0.2615609083666689, "Rollout/time/Lifteither/min": 2.6887915563583373, "Rollout/time/Lifteither/max": 3.5562650537490845, "Timing_Stats/Rollout_Lifteither_Episode": 2.478582421938578, "rollout video": {"_type": "video-file", "sha256": "6ebe8672d628b4e1634f62dcb30b5a3322dbe57e9e2e282e7c031ee0a0e566a1", "size": 4293054, "path": "media/videos/rollout video_2000_6ebe8672d628b4e1634f.mp4"}, "_wandb": {"runtime": 7696}}