{"Train/Planner/Optimizer/goal_network0_lr": 0.0001, "_timestamp": 1720304455.536608, "Train/Planner/Loss": 2.037305856902094e-05, "Train/Planner/recons_loss": 1.9530129657141514e-05, "Train/Planner/kl_loss": 8.429288666178536e-08, "Train/Planner/goal_loss": 2.037305856902094e-05, "Train/Planner/Grad_Norms": 5.192377705060536e-06, "Train/Planner/Reconstruction_Loss": 1.9530129657141514e-05, "Train/Planner/KL_Loss": 8.429288666178536e-08, "Train/Planner/Encoder_Variance": 0.9999999445676804, "Train/Actor/Optimizer/policy0_lr": 0.0001, "Train/Actor/Loss": 0.0006842074257292552, "Train/Actor/L2_Loss": 0.0006842074257292552, "Train/Actor/L1_Loss": 0.0002863468543728231, "Train/Actor/Cosine_Loss": 0.15062818184494972, "Train/Actor/Policy_Grad_Norms": 0.037477806376631256, "Train/Loss": 0.0007045804842982762, "Timing_Stats/Train_Data_Loading": 0.0026363690694173178, "Timing_Stats/Train_Process_Batch": 0.0008440415064493815, "Timing_Stats/Train_Train_Batch": 0.012656883398691813, "Timing_Stats/Train_Log_Info": 0.0004786173502604167, "Timing_Stats/Train_Epoch": 0.01666640043258667, "System/RAM Usage (MB)": 3024, "_runtime": 10905.07099199295, "_step": 2000, "Rollout/Return/Lifteither": 0.32, "Rollout/Return/Lifteither/mean": 0.31849999999999995, "Rollout/Return/Lifteither/std": 0.17699646889133128, "Rollout/Return/Lifteither/min": 0.0, "Rollout/Return/Lifteither/max": 0.78, "Rollout/Horizon/Lifteither": 342.2, "Rollout/Horizon/Lifteither/mean": 351.252, "Rollout/Horizon/Lifteither/std": 27.37275791731626, "Rollout/Horizon/Lifteither/min": 284.74, "Rollout/Horizon/Lifteither/max": 400.0, "Rollout/Success_Rate/Lifteither": 0.32, "Rollout/Success_Rate/Lifteither/mean": 0.31849999999999995, "Rollout/Success_Rate/Lifteither/std": 0.17699646889133128, "Rollout/Success_Rate/Lifteither/min": 0.0, "Rollout/Success_Rate/Lifteither/max": 0.78, "Rollout/time/Lifteither": 2.9808173179626465, "Rollout/time/Lifteither/mean": 3.8628366794586184, "Rollout/time/Lifteither/std": 0.3870309140906068, "Rollout/time/Lifteither/min": 2.9808173179626465, "Rollout/time/Lifteither/max": 4.581440849304199, "Timing_Stats/Rollout_Lifteither_Episode": 2.4840144316355386, "rollout video": {"_type": "video-file", "sha256": "8beb49a852593ae774b0502a42292627481c3e89eb027437f8e0d853bcff88dd", "size": 6098284, "path": "media/videos/rollout video_2000_8beb49a852593ae774b0.mp4"}, "_wandb": {"runtime": 10904}}