{"Train/Planner/Optimizer/goal_network0_lr": 0.0001, "_timestamp": 1720688555.5780175, "Train/Planner/Loss": 1.0131329127034405e-05, "Train/Planner/recons_loss": 6.894934540468967e-06, "Train/Planner/kl_loss": 3.236387219658354e-06, "Train/Planner/goal_loss": 1.0131329127034405e-05, "Train/Planner/Grad_Norms": 0.39678254449263145, "Train/Planner/Reconstruction_Loss": 6.894934540468967e-06, "Train/Planner/KL_Loss": 3.236387219658354e-06, "Train/Planner/Encoder_Variance": 0.9837780100107193, "Train/Actor/Optimizer/policy0_lr": 0.0001, "Train/Actor/Loss": 0.0023865742146153934, "Train/Actor/L2_Loss": 0.0023865742146153934, "Train/Actor/L1_Loss": 0.001046331687393831, "Train/Actor/Cosine_Loss": 0.1918452339619398, "Train/Actor/Policy_Grad_Norms": 0.013641910560934035, "Train/Loss": 0.0023967055437424277, "Timing_Stats/Train_Data_Loading": 0.002341469128926595, "Timing_Stats/Train_Process_Batch": 0.0006477435429890951, "Timing_Stats/Train_Train_Batch": 0.008188947041829427, "Timing_Stats/Train_Log_Info": 0.00030344327290852865, "Timing_Stats/Train_Epoch": 0.011522082487742107, "System/RAM Usage (MB)": 2602, "_runtime": 2744.3660004138947, "_step": 2000, "Rollout/Return/Lifteither": 0.0, "Rollout/Return/Lifteither/mean": 0.16499999999999998, "Rollout/Return/Lifteither/std": 0.1620956507744733, "Rollout/Return/Lifteither/min": 0.0, "Rollout/Return/Lifteither/max": 0.5, "Rollout/Horizon/Lifteither": 400.0, "Rollout/Horizon/Lifteither/mean": 378.75, "Rollout/Horizon/Lifteither/std": 21.551252863812817, "Rollout/Horizon/Lifteither/min": 333.4, "Rollout/Horizon/Lifteither/max": 400.0, "Rollout/Success_Rate/Lifteither": 0.0, "Rollout/Success_Rate/Lifteither/mean": 0.16499999999999998, "Rollout/Success_Rate/Lifteither/std": 0.1620956507744733, "Rollout/Success_Rate/Lifteither/min": 0.0, "Rollout/Success_Rate/Lifteither/max": 0.5, "Rollout/time/Lifteither": 3.375056767463684, "Rollout/time/Lifteither/mean": 3.2880345958471295, "Rollout/time/Lifteither/std": 0.17486870296415774, "Rollout/time/Lifteither/min": 2.915029525756836, "Rollout/time/Lifteither/max": 3.5985594272613524, "Timing_Stats/Rollout_Lifteither_Episode": 0.5625094612439473, "rollout video": {"_type": "video-file", "sha256": "605c029a5c109196b41210a34cad3db716726efda315ee4f8c690eb144993f63", "size": 809067, "path": "media/videos/rollout video_2000_605c029a5c109196b412.mp4"}, "_wandb": {"runtime": 2744}}