{"Train/Planner/Optimizer/goal_network0_lr": 0.0001, "_timestamp": 1720471261.1792867, "Train/Planner/Loss": 0.0001582328201038763, "Train/Planner/recons_loss": 0.00015737922236439773, "Train/Planner/kl_loss": 8.535980967394608e-08, "Train/Planner/goal_loss": 0.0001582328201038763, "Train/Planner/Grad_Norms": 1.8200318487125722e-05, "Train/Planner/Reconstruction_Loss": 0.00015737922236439773, "Train/Planner/KL_Loss": 8.535980967394608e-08, "Train/Planner/Encoder_Variance": 0.9999999833106995, "Train/Actor/Optimizer/policy0_lr": 0.0001, "Train/Actor/Loss": 0.0007047874408453936, "Train/Actor/L2_Loss": 0.0007047874408453936, "Train/Actor/L1_Loss": 0.0002834134321165038, "Train/Actor/Cosine_Loss": 0.12126989901065827, "Train/Actor/Policy_Grad_Norms": 0.037103937175273105, "Train/Loss": 0.0008630202609492698, "Timing_Stats/Train_Data_Loading": 0.0031766374905904133, "Timing_Stats/Train_Process_Batch": 0.0010910550753275552, "Timing_Stats/Train_Train_Batch": 0.022716315587361653, "Timing_Stats/Train_Log_Info": 0.0004715840021769206, "Timing_Stats/Train_Epoch": 0.02752667268117269, "System/RAM Usage (MB)": 8850, "_runtime": 11961.144032716751, "_step": 2000, "Rollout/Return/Lifteither": 0.4, "Rollout/Return/Lifteither/mean": 0.5055, "Rollout/Return/Lifteither/std": 0.23323753986011772, "Rollout/Return/Lifteither/min": 0.0, "Rollout/Return/Lifteither/max": 0.88, "Rollout/Horizon/Lifteither": 329.88, "Rollout/Horizon/Lifteither/mean": 322.4495, "Rollout/Horizon/Lifteither/std": 40.871371395513506, "Rollout/Horizon/Lifteither/min": 259.64, "Rollout/Horizon/Lifteither/max": 400.0, "Rollout/Success_Rate/Lifteither": 0.4, "Rollout/Success_Rate/Lifteither/mean": 0.5055, "Rollout/Success_Rate/Lifteither/std": 0.23323753986011772, "Rollout/Success_Rate/Lifteither/min": 0.0, "Rollout/Success_Rate/Lifteither/max": 0.88, "Rollout/time/Lifteither": 2.9496894454956055, "Rollout/time/Lifteither/mean": 3.7355605542659758, "Rollout/time/Lifteither/std": 0.49124330428791746, "Rollout/time/Lifteither/min": 2.8345348167419435, "Rollout/time/Lifteither/max": 4.68126609325409, "Timing_Stats/Rollout_Lifteither_Episode": 2.4580745379130047, "rollout video": {"_type": "video-file", "sha256": "beeb3a32c81094de2bbb5f0907c7dcd1d37f631b0ff01042863b55fac748d125", "size": 4669133, "path": "media/videos/rollout video_2000_beeb3a32c81094de2bbb.mp4"}, "_wandb": {"runtime": 11960}}