{"Train/Planner/Optimizer/goal_network0_lr": 0.0001, "_timestamp": 1719910663.8159397, "Train/Planner/Loss": 2.5298447289969773e-05, "Train/Planner/recons_loss": 2.521112353861099e-05, "Train/Planner/kl_loss": 8.732378251607997e-08, "Train/Planner/goal_loss": 2.5298447289969773e-05, "Train/Planner/Grad_Norms": 3.1853797953607184e-06, "Train/Planner/Reconstruction_Loss": 2.521112353861099e-05, "Train/Planner/KL_Loss": 8.732378251607997e-08, "Train/Planner/Encoder_Variance": 0.9999998092651368, "Train/Actor/Optimizer/policy0_lr": 0.0001, "Train/Actor/Loss": 0.0008738459655432962, "Train/Actor/L2_Loss": 0.0008738459655432962, "Train/Actor/L1_Loss": 0.0003900892012461554, "Train/Actor/Cosine_Loss": 0.06002791456878185, "Train/Actor/Policy_Grad_Norms": 0.08509570616385162, "Train/Loss": 0.000899144412833266, "Timing_Stats/Train_Data_Loading": 0.0025832772254943846, "Timing_Stats/Train_Process_Batch": 0.010925074418385824, "Timing_Stats/Train_Train_Batch": 0.028321508566538492, "Timing_Stats/Train_Log_Info": 0.0012231071790059407, "Timing_Stats/Train_Epoch": 0.04316523869832357, "System/RAM Usage (MB)": 1962, "_runtime": 10262.12462568283, "_step": 2000, "Rollout/Return/Lifteither": 0.0, "Rollout/Return/Lifteither/mean": 0.07600000000000001, "Rollout/Return/Lifteither/std": 0.14705101155721437, "Rollout/Return/Lifteither/min": 0.0, "Rollout/Return/Lifteither/max": 0.72, "Rollout/Horizon/Lifteither": 400.0, "Rollout/Horizon/Lifteither/mean": 383.07000000000005, "Rollout/Horizon/Lifteither/std": 33.76763006193949, "Rollout/Horizon/Lifteither/min": 231.22, "Rollout/Horizon/Lifteither/max": 400.0, "Rollout/Success_Rate/Lifteither": 0.0, "Rollout/Success_Rate/Lifteither/mean": 0.07600000000000001, "Rollout/Success_Rate/Lifteither/std": 0.14705101155721437, "Rollout/Success_Rate/Lifteither/min": 0.0, "Rollout/Success_Rate/Lifteither/max": 0.72, "Rollout/time/Lifteither": 4.426588916778565, "Rollout/time/Lifteither/mean": 3.966133338332176, "Rollout/time/Lifteither/std": 0.8296480893928703, "Rollout/time/Lifteither/min": 2.25793119430542, "Rollout/time/Lifteither/max": 5.17755048751831, "Timing_Stats/Rollout_Lifteither_Episode": 3.6888240973154702, "rollout video": {"_type": "video-file", "sha256": "1c417e0037d1c2d81e2419a4f1c77cf383d951a18ed68eb956d04a0a0a38a7bc", "size": 2189482, "path": "media/videos/rollout video_2000_1c417e0037d1c2d81e24.mp4"}, "_wandb": {"runtime": 10261}}