{"Train/Planner/Optimizer/goal_network0_lr": 0.0001, "_timestamp": 1719969706.2077603, "Train/Planner/Loss": 0.002301864654291421, "Train/Planner/recons_loss": 0.0023015636508353053, "Train/Planner/kl_loss": 3.0100345611572266e-08, "Train/Planner/goal_loss": 0.002301864654291421, "Train/Planner/Grad_Norms": 0.0002728227899155053, "Train/Planner/Reconstruction_Loss": 0.0023015636508353053, "Train/Planner/KL_Loss": 3.0100345611572266e-08, "Train/Planner/Encoder_Variance": 0.9999999594688416, "Train/Actor/Optimizer/policy0_lr": 0.0001, "Train/Actor/Loss": 0.00139046078949832, "Train/Actor/L2_Loss": 0.00139046078949832, "Train/Actor/L1_Loss": 0.0005303529153297859, "Train/Actor/Cosine_Loss": 0.16034494020044804, "Train/Actor/Policy_Grad_Norms": 0.0007804230543980201, "Train/Loss": 0.0036923254437897413, "Timing_Stats/Train_Data_Loading": 0.00300137996673584, "Timing_Stats/Train_Process_Batch": 0.0012260119120279947, "Timing_Stats/Train_Train_Batch": 0.024400941530863442, "Timing_Stats/Train_Log_Info": 0.0005855878194173177, "Timing_Stats/Train_Epoch": 0.02929714520772298, "System/RAM Usage (MB)": 2059, "_runtime": 22445.444560289383, "_step": 2000, "Rollout/Return/Lifteither": 0.1, "Rollout/Return/Lifteither/mean": 0.1605, "Rollout/Return/Lifteither/std": 0.10133977501455191, "Rollout/Return/Lifteither/min": 0.0, "Rollout/Return/Lifteither/max": 0.38, "Rollout/Horizon/Lifteither": 379.84, "Rollout/Horizon/Lifteither/mean": 372.8265, "Rollout/Horizon/Lifteither/std": 18.38281827549845, "Rollout/Horizon/Lifteither/min": 331.12, "Rollout/Horizon/Lifteither/max": 400.0, "Rollout/Success_Rate/Lifteither": 0.1, "Rollout/Success_Rate/Lifteither/mean": 0.1605, "Rollout/Success_Rate/Lifteither/std": 0.10133977501455191, "Rollout/Success_Rate/Lifteither/min": 0.0, "Rollout/Success_Rate/Lifteither/max": 0.38, "Rollout/time/Lifteither": 3.494539713859558, "Rollout/time/Lifteither/mean": 6.697282603859901, "Rollout/time/Lifteither/std": 0.7771684073174796, "Rollout/time/Lifteither/min": 3.494539713859558, "Rollout/time/Lifteither/max": 7.620355052947998, "Timing_Stats/Rollout_Lifteither_Episode": 2.9121164282162986, "rollout video": {"_type": "video-file", "sha256": "da9ad0cd3619dfd99efbd42807084555738bb2675547d0a903fc5088523a886a", "size": 2807386, "path": "media/videos/rollout video_2000_da9ad0cd3619dfd99efb.mp4"}, "_wandb": {"runtime": 22445}}