{"Train/Planner/Optimizer/goal_network0_lr": 0.0001, "_timestamp": 1720921366.8995385, "Train/Planner/Loss": 0.0023500508691358846, "Train/Planner/recons_loss": 0.00010728063370152085, "Train/Planner/kl_loss": 0.00224277023178729, "Train/Planner/goal_loss": 0.0023500508691358846, "Train/Planner/Grad_Norms": 3.8198054364916048, "Train/Planner/Reconstruction_Loss": 0.00010728063370152085, "Train/Planner/KL_Loss": 0.00224277023178729, "Train/Planner/Encoder_Variance": 0.9975831311941147, "Train/Actor/Optimizer/policy0_lr": 0.0001, "Train/Actor/Loss": 0.005105337138229515, "Train/Actor/L2_Loss": 0.005105337138229515, "Train/Actor/L1_Loss": 0.0025411314114171545, "Train/Actor/Cosine_Loss": 0.7999251645803451, "Train/Actor/Policy_Grad_Norms": 0.018862271107768648, "Train/Loss": 0.0074553880073654, "Timing_Stats/Train_Data_Loading": 0.00038718382517496746, "Timing_Stats/Train_Process_Batch": 0.0005783398946126302, "Timing_Stats/Train_Train_Batch": 0.008743306001027426, "Timing_Stats/Train_Log_Info": 0.0005034645398457845, "Timing_Stats/Train_Epoch": 0.01024769147237142, "System/RAM Usage (MB)": 1827, "_runtime": 2233.2560625076294, "_step": 2000, "Rollout/Return/Lifteither": 0.7, "Rollout/Return/Lifteither/mean": 0.6375, "Rollout/Return/Lifteither/std": 0.22437412952477387, "Rollout/Return/Lifteither/min": 0.0, "Rollout/Return/Lifteither/max": 1.0, "Rollout/Horizon/Lifteither": 215.0, "Rollout/Horizon/Lifteither/mean": 197.275, "Rollout/Horizon/Lifteither/std": 72.08241377062787, "Rollout/Horizon/Lifteither/min": 92.0, "Rollout/Horizon/Lifteither/max": 400.0, "Rollout/Success_Rate/Lifteither": 0.7, "Rollout/Success_Rate/Lifteither/mean": 0.6375, "Rollout/Success_Rate/Lifteither/std": 0.22437412952477387, "Rollout/Success_Rate/Lifteither/min": 0.0, "Rollout/Success_Rate/Lifteither/max": 1.0, "Rollout/time/Lifteither": 2.4476051568984984, "Rollout/time/Lifteither/mean": 2.364949650168419, "Rollout/time/Lifteither/std": 0.598472852996695, "Rollout/time/Lifteither/min": 1.4853181838989258, "Rollout/time/Lifteither/max": 3.979523539543152, "Timing_Stats/Rollout_Lifteither_Episode": 0.4079341928164164, "rollout video": {"_type": "video-file", "sha256": "2e84c311e29a46241b8443eddf0a2398e1669d903c6a464648257fce5781c625", "size": 1295605, "path": "media/videos/rollout video_2000_2e84c311e29a46241b84.mp4"}, "_wandb": {"runtime": 2232}}