{"Train/Planner/Optimizer/goal_network0_lr": 0.0001, "_timestamp": 1720070491.4261234, "Train/Planner/Loss": 4.742733000966837e-05, "Train/Planner/recons_loss": 4.6576831155107354e-05, "Train/Planner/kl_loss": 8.5049865603537e-08, "Train/Planner/goal_loss": 4.742733000966837e-05, "Train/Planner/Grad_Norms": 9.610776049149284e-06, "Train/Planner/Reconstruction_Loss": 4.6576831155107354e-05, "Train/Planner/KL_Loss": 8.5049865603537e-08, "Train/Planner/Encoder_Variance": 0.9999998706579208, "Train/Actor/Optimizer/policy0_lr": 0.0001, "Train/Actor/Loss": 0.000495560969957296, "Train/Actor/L2_Loss": 0.000495560969957296, "Train/Actor/L1_Loss": 0.00019463565437945361, "Train/Actor/Cosine_Loss": 0.0811615765467286, "Train/Actor/Policy_Grad_Norms": 0.014108323930632492, "Train/Loss": 0.0005429882999669644, "Timing_Stats/Train_Data_Loading": 0.00323333740234375, "Timing_Stats/Train_Process_Batch": 0.0011518001556396484, "Timing_Stats/Train_Train_Batch": 0.023683826128641765, "Timing_Stats/Train_Log_Info": 0.0004515687624613444, "Timing_Stats/Train_Epoch": 0.028605945905049644, "System/RAM Usage (MB)": 3313, "_runtime": 9624.33512544632, "_step": 2000, "Rollout/Return/Lifteither": 0.6, "Rollout/Return/Lifteither/mean": 0.386, "Rollout/Return/Lifteither/std": 0.23182752209347363, "Rollout/Return/Lifteither/min": 0.0, "Rollout/Return/Lifteither/max": 0.76, "Rollout/Horizon/Lifteither": 294.8, "Rollout/Horizon/Lifteither/mean": 339.92150000000004, "Rollout/Horizon/Lifteither/std": 38.763018816263525, "Rollout/Horizon/Lifteither/min": 263.1, "Rollout/Horizon/Lifteither/max": 400.0, "Rollout/Success_Rate/Lifteither": 0.6, "Rollout/Success_Rate/Lifteither/mean": 0.386, "Rollout/Success_Rate/Lifteither/std": 0.23182752209347363, "Rollout/Success_Rate/Lifteither/min": 0.0, "Rollout/Success_Rate/Lifteither/max": 0.76, "Rollout/time/Lifteither": 2.714430742263794, "Rollout/time/Lifteither/mean": 3.071098262667656, "Rollout/time/Lifteither/std": 0.3955158313734875, "Rollout/time/Lifteither/min": 2.5212003135681154, "Rollout/time/Lifteither/max": 4.424856920242309, "Timing_Stats/Rollout_Lifteither_Episode": 2.2620256185531615, "rollout video": {"_type": "video-file", "sha256": "33752accecaeb24bc5650e03f75cbffe4d7cd28fdb0026cd22563ec5bb538890", "size": 3688457, "path": "media/videos/rollout video_2000_33752accecaeb24bc565.mp4"}, "_wandb": {"runtime": 9624}}