{"Train/Planner/Optimizer/goal_network0_lr": 0.0001, "_timestamp": 1719715208.4395425, "Train/Planner/Loss": 3.6810688766308887e-06, "Train/Planner/recons_loss": 3.2415442399269525e-06, "Train/Planner/kl_loss": 8.790492803001371e-08, "Train/Planner/goal_loss": 3.6810688766308887e-06, "Train/Planner/Grad_Norms": 1.5999164118604693e-06, "Train/Planner/Reconstruction_Loss": 3.2415442399269525e-06, "Train/Planner/KL_Loss": 8.790492803001371e-08, "Train/Planner/Encoder_Variance": 0.999999960064888, "Train/Actor/Optimizer/policy0_lr": 0.0001, "Train/Actor/Loss": 0.0009470170879649231, "Train/Actor/L2_Loss": 0.0009470170879649231, "Train/Actor/L1_Loss": 0.000414459649946366, "Train/Actor/Cosine_Loss": 0.23600529819726945, "Train/Actor/Policy_Grad_Norms": 0.012447226578969506, "Train/Loss": 0.000950698156841554, "Timing_Stats/Train_Data_Loading": 0.0024670163790384927, "Timing_Stats/Train_Process_Batch": 0.0008247733116149902, "Timing_Stats/Train_Train_Batch": 0.013684737682342529, "Timing_Stats/Train_Log_Info": 0.0007310787836710612, "Timing_Stats/Train_Epoch": 0.017765172322591147, "System/RAM Usage (MB)": 1781, "_runtime": 9660.027077436447, "_step": 2000, "Rollout/Return/Lifteither": 0.68, "Rollout/Return/Lifteither/mean": 0.4595000000000001, "Rollout/Return/Lifteither/std": 0.27009211391671545, "Rollout/Return/Lifteither/min": 0.0, "Rollout/Return/Lifteither/max": 0.8, "Rollout/Horizon/Lifteither": 317.5, "Rollout/Horizon/Lifteither/mean": 343.181, "Rollout/Horizon/Lifteither/std": 38.70246760866805, "Rollout/Horizon/Lifteither/min": 261.62, "Rollout/Horizon/Lifteither/max": 400.0, "Rollout/Success_Rate/Lifteither": 0.68, "Rollout/Success_Rate/Lifteither/mean": 0.4595000000000001, "Rollout/Success_Rate/Lifteither/std": 0.27009211391671545, "Rollout/Success_Rate/Lifteither/min": 0.0, "Rollout/Success_Rate/Lifteither/max": 0.8, "Rollout/time/Lifteither": 3.4492442750930787, "Rollout/time/Lifteither/mean": 3.6659695863723756, "Rollout/time/Lifteither/std": 0.3084431100163723, "Rollout/time/Lifteither/min": 3.0863862895965575, "Rollout/time/Lifteither/max": 4.204646496772766, "Timing_Stats/Rollout_Lifteither_Episode": 2.8743702292442324, "rollout video": {"_type": "video-file", "sha256": "64139a1a1d6253e63a64e53dd3da9584445279358ae90265a35aae44d6819d48", "size": 3802910, "path": "media/videos/rollout video_2000_64139a1a1d6253e63a64.mp4"}, "_wandb": {"runtime": 9659}}