{"Train/Planner/Optimizer/goal_network0_lr": 0.0001, "_timestamp": 1720231996.5367384, "Train/Planner/Loss": 0.005206211445110967, "Train/Planner/recons_loss": 6.203310191267519e-05, "Train/Planner/kl_loss": 0.0005144178268574251, "Train/Planner/goal_loss": 0.005206211445110967, "Train/Planner/Grad_Norms": 36.16645557639381, "Train/Planner/Reconstruction_Loss": 6.203310191267519e-05, "Train/Planner/KL_Loss": 0.0005144178268574251, "Train/Planner/Encoder_Variance": 0.9950310409069061, "Train/Actor/Optimizer/policy0_lr": 0.0001, "Train/Actor/Loss": 0.0008446110814793428, "Train/Actor/L2_Loss": 0.0008446110814793428, "Train/Actor/L1_Loss": 0.00032203248140604045, "Train/Actor/Cosine_Loss": 0.08000811830163002, "Train/Actor/Policy_Grad_Norms": 0.002470525061194868, "Train/Loss": 0.0060508225265903095, "Timing_Stats/Train_Data_Loading": 0.0031073252360026044, "Timing_Stats/Train_Process_Batch": 0.0010889172554016113, "Timing_Stats/Train_Train_Batch": 0.023932433128356932, "Timing_Stats/Train_Log_Info": 0.0004762887954711914, "Timing_Stats/Train_Epoch": 0.028681747118631997, "System/RAM Usage (MB)": 3328, "_runtime": 9758.290102481842, "_step": 2000, "Rollout/Return/Lifteither": 0.1, "Rollout/Return/Lifteither/mean": 0.397, "Rollout/Return/Lifteither/std": 0.22783985603928036, "Rollout/Return/Lifteither/min": 0.0, "Rollout/Return/Lifteither/max": 0.78, "Rollout/Horizon/Lifteither": 381.6, "Rollout/Horizon/Lifteither/mean": 342.364, "Rollout/Horizon/Lifteither/std": 35.2750416583737, "Rollout/Horizon/Lifteither/min": 272.56, "Rollout/Horizon/Lifteither/max": 400.0, "Rollout/Success_Rate/Lifteither": 0.1, "Rollout/Success_Rate/Lifteither/mean": 0.397, "Rollout/Success_Rate/Lifteither/std": 0.22783985603928036, "Rollout/Success_Rate/Lifteither/min": 0.0, "Rollout/Success_Rate/Lifteither/max": 0.78, "Rollout/time/Lifteither": 3.2746082544326782, "Rollout/time/Lifteither/mean": 3.112237401485443, "Rollout/time/Lifteither/std": 0.24659747435687837, "Rollout/time/Lifteither/min": 2.637070484161377, "Rollout/time/Lifteither/max": 3.5717576932907105, "Timing_Stats/Rollout_Lifteither_Episode": 2.7288402120272317, "rollout video": {"_type": "video-file", "sha256": "041c448dd70e6ee96581dbe65224bcfb482cec94383945f64a9776582cbacf62", "size": 9621660, "path": "media/videos/rollout video_2000_041c448dd70e6ee96581.mp4"}, "_wandb": {"runtime": 9757}}