{"Train/Planner/Optimizer/goal_network0_lr": 0.0001, "_timestamp": 1719916704.860482, "Train/Planner/Loss": 2.9563147563749226e-05, "Train/Planner/recons_loss": 2.870001271730871e-05, "Train/Planner/kl_loss": 8.631348400456317e-08, "Train/Planner/goal_loss": 2.9563147563749226e-05, "Train/Planner/Grad_Norms": 1.5581935980707035e-05, "Train/Planner/Reconstruction_Loss": 2.870001271730871e-05, "Train/Planner/KL_Loss": 8.631348400456317e-08, "Train/Planner/Encoder_Variance": 0.9999999612569809, "Train/Actor/Optimizer/policy0_lr": 0.0001, "Train/Actor/Loss": 0.00013569804486905922, "Train/Actor/L2_Loss": 0.00013569804486905922, "Train/Actor/L1_Loss": 5.98614787668339e-05, "Train/Actor/Cosine_Loss": 0.14649824634194375, "Train/Actor/Policy_Grad_Norms": 0.0005983417550968479, "Train/Loss": 0.00016526119243280845, "Timing_Stats/Train_Data_Loading": 0.003061234951019287, "Timing_Stats/Train_Process_Batch": 0.0010936061541239421, "Timing_Stats/Train_Train_Batch": 0.023322184880574543, "Timing_Stats/Train_Log_Info": 0.00048201878865559896, "Timing_Stats/Train_Epoch": 0.02803770303726196, "System/RAM Usage (MB)": 2328, "_runtime": 11821.354346036911, "_step": 2000, "Rollout/Return/Lifteither": 0.32, "Rollout/Return/Lifteither/mean": 0.29000000000000004, "Rollout/Return/Lifteither/std": 0.20851858430365386, "Rollout/Return/Lifteither/min": 0.0, "Rollout/Return/Lifteither/max": 0.72, "Rollout/Horizon/Lifteither": 357.16, "Rollout/Horizon/Lifteither/mean": 361.175, "Rollout/Horizon/Lifteither/std": 29.950135475486583, "Rollout/Horizon/Lifteither/min": 277.86, "Rollout/Horizon/Lifteither/max": 400.0, "Rollout/Success_Rate/Lifteither": 0.32, "Rollout/Success_Rate/Lifteither/mean": 0.29000000000000004, "Rollout/Success_Rate/Lifteither/std": 0.20851858430365386, "Rollout/Success_Rate/Lifteither/min": 0.0, "Rollout/Success_Rate/Lifteither/max": 0.72, "Rollout/time/Lifteither": 3.038818430900574, "Rollout/time/Lifteither/mean": 3.737987756490708, "Rollout/time/Lifteither/std": 0.4499352659375357, "Rollout/time/Lifteither/min": 2.7508442115783693, "Rollout/time/Lifteither/max": 4.889593110084534, "Timing_Stats/Rollout_Lifteither_Episode": 2.5323486924171448, "rollout video": {"_type": "video-file", "sha256": "c1f71ce4f34b6935b85ec03061e1baf09061e698461b37915a2f8bcd6298c62d", "size": 2983151, "path": "media/videos/rollout video_2000_c1f71ce4f34b6935b85e.mp4"}, "_wandb": {"runtime": 11821}}