{"Train/Planner/Optimizer/goal_network0_lr": 0.0001, "_timestamp": 1720835072.2845469, "Train/Planner/Loss": 5.4617843888991045e-05, "Train/Planner/recons_loss": 5.386846427427372e-05, "Train/Planner/kl_loss": 7.493793813040384e-08, "Train/Planner/goal_loss": 5.4617843888991045e-05, "Train/Planner/Grad_Norms": 2.0962229682544255e-05, "Train/Planner/Reconstruction_Loss": 5.386846427427372e-05, "Train/Planner/KL_Loss": 7.493793813040384e-08, "Train/Planner/Encoder_Variance": 0.9999999451637268, "Train/Actor/Optimizer/policy0_lr": 0.0001, "Train/Actor/Loss": 0.0005593904229681357, "Train/Actor/L2_Loss": 0.0005593904229681357, "Train/Actor/L1_Loss": 0.0002221536093202303, "Train/Actor/Cosine_Loss": 0.10443971544504166, "Train/Actor/Policy_Grad_Norms": 0.007212266340076656, "Train/Loss": 0.0006140082668571268, "Timing_Stats/Train_Data_Loading": 0.0031353314717610676, "Timing_Stats/Train_Process_Batch": 0.0010991255442301432, "Timing_Stats/Train_Train_Batch": 0.024962806701660158, "Timing_Stats/Train_Log_Info": 0.0004973451296488445, "Timing_Stats/Train_Epoch": 0.02977486848831177, "System/RAM Usage (MB)": 4636, "_runtime": 5082.494364738464, "_step": 2000, "Rollout/Return/Lifteither": 0.4, "Rollout/Return/Lifteither/mean": 0.49000000000000005, "Rollout/Return/Lifteither/std": 0.28089143810376277, "Rollout/Return/Lifteither/min": 0.0, "Rollout/Return/Lifteither/max": 1.0, "Rollout/Horizon/Lifteither": 332.7, "Rollout/Horizon/Lifteither/mean": 327.065, "Rollout/Horizon/Lifteither/std": 46.06234660761433, "Rollout/Horizon/Lifteither/min": 214.8, "Rollout/Horizon/Lifteither/max": 400.0, "Rollout/Success_Rate/Lifteither": 0.4, "Rollout/Success_Rate/Lifteither/mean": 0.49000000000000005, "Rollout/Success_Rate/Lifteither/std": 0.28089143810376277, "Rollout/Success_Rate/Lifteither/min": 0.0, "Rollout/Success_Rate/Lifteither/max": 1.0, "Rollout/time/Lifteither": 3.373242902755737, "Rollout/time/Lifteither/mean": 3.39144703567028, "Rollout/time/Lifteither/std": 0.36660313851874743, "Rollout/time/Lifteither/min": 2.436176800727844, "Rollout/time/Lifteither/max": 4.014772176742554, "Timing_Stats/Rollout_Lifteither_Episode": 0.5622071504592896, "rollout video": {"_type": "video-file", "sha256": "2d9ecedf0d235a95ea8a30f03f35718c39e7ea37dbbdcdaa9b3aeaf1df008798", "size": 1663213, "path": "media/videos/rollout video_2000_2d9ecedf0d235a95ea8a.mp4"}, "_wandb": {"runtime": 5082}}