{"Train/Planner/Optimizer/goal_network0_lr": 0.0001, "_timestamp": 1719821052.7940614, "Train/Planner/Loss": 0.013037192346528172, "Train/Planner/recons_loss": 0.013035079194232822, "Train/Planner/kl_loss": 0.004226292832754552, "Train/Planner/goal_loss": 0.013037192346528172, "Train/Planner/Grad_Norms": 0.014229017943948853, "Train/Planner/Reconstruction_Loss": 0.013035079194232822, "Train/Planner/KL_Loss": 0.004226292832754552, "Train/Planner/Encoder_Variance": 0.997584228515625, "Train/Actor/Optimizer/policy0_lr": 0.0001, "Train/Actor/Loss": 0.026775560593232512, "Train/Actor/L2_Loss": 0.026775560593232512, "Train/Actor/L1_Loss": 0.012328946557827293, "Train/Actor/Cosine_Loss": 0.6632440355420113, "Train/Actor/Policy_Grad_Norms": 1.271048867358315, "Train/Loss": 0.039812752939760686, "Timing_Stats/Train_Data_Loading": 0.0023777564366658527, "Timing_Stats/Train_Process_Batch": 0.0006951491038004557, "Timing_Stats/Train_Train_Batch": 0.008287747701009115, "Timing_Stats/Train_Log_Info": 0.0004925092061360677, "Timing_Stats/Train_Epoch": 0.011894635359446208, "System/RAM Usage (MB)": 1641, "_runtime": 6.4348554611206055, "_step": 3, "_wandb": {"runtime": 4}}