{"Train/Planner/Optimizer/goal_network0_lr": 0.0001, "_timestamp": 1720043131.0631397, "Train/Planner/Loss": 5.221993596933316e-06, "Train/Planner/recons_loss": 4.82140569602052e-06, "Train/Planner/kl_loss": 8.011758151127424e-08, "Train/Planner/goal_loss": 5.221993596933316e-06, "Train/Planner/Grad_Norms": 1.5006753560518893e-06, "Train/Planner/Reconstruction_Loss": 4.82140569602052e-06, "Train/Planner/KL_Loss": 8.011758151127424e-08, "Train/Planner/Encoder_Variance": 0.9999999260902405, "Train/Actor/Optimizer/policy0_lr": 0.0001, "Train/Actor/Loss": 0.0005071377581407433, "Train/Actor/L2_Loss": 0.0005071377581407433, "Train/Actor/L1_Loss": 0.00022169918347572092, "Train/Actor/Cosine_Loss": 0.17446658723056316, "Train/Actor/Policy_Grad_Norms": 0.05563714815950914, "Train/Loss": 0.0005123597517376765, "Timing_Stats/Train_Data_Loading": 0.002481476465861003, "Timing_Stats/Train_Process_Batch": 0.0009536902109781901, "Timing_Stats/Train_Train_Batch": 0.01044007142384847, "Timing_Stats/Train_Log_Info": 0.0006279150644938151, "Timing_Stats/Train_Epoch": 0.014548198382059733, "System/RAM Usage (MB)": 1984, "_runtime": 11002.139054775238, "_step": 2000, "Rollout/Return/Lifteither": 0.08, "Rollout/Return/Lifteither/mean": 0.11950000000000001, "Rollout/Return/Lifteither/std": 0.14747796445571115, "Rollout/Return/Lifteither/min": 0.0, "Rollout/Return/Lifteither/max": 0.64, "Rollout/Horizon/Lifteither": 384.32, "Rollout/Horizon/Lifteither/mean": 382.7665, "Rollout/Horizon/Lifteither/std": 21.69158979305113, "Rollout/Horizon/Lifteither/min": 302.88, "Rollout/Horizon/Lifteither/max": 400.0, "Rollout/Success_Rate/Lifteither": 0.08, "Rollout/Success_Rate/Lifteither/mean": 0.11950000000000001, "Rollout/Success_Rate/Lifteither/std": 0.14747796445571115, "Rollout/Success_Rate/Lifteither/min": 0.0, "Rollout/Success_Rate/Lifteither/max": 0.64, "Rollout/time/Lifteither": 4.016738843917847, "Rollout/time/Lifteither/mean": 4.368565348863602, "Rollout/time/Lifteither/std": 0.3763883523548362, "Rollout/time/Lifteither/min": 3.6017705154418946, "Rollout/time/Lifteither/max": 4.8246819162368775, "Timing_Stats/Rollout_Lifteither_Episode": 3.347282369931539, "rollout video": {"_type": "video-file", "sha256": "469da4530147cf3f1c9a749c812dce3322916918f00b47a34ea64c8aa0a6563b", "size": 4024721, "path": "media/videos/rollout video_2000_469da4530147cf3f1c9a.mp4"}, "_wandb": {"runtime": 11001}}