{"Train/Planner/Optimizer/goal_network0_lr": 0.0001, "_timestamp": 1720267655.9515882, "Train/Planner/Loss": 0.00010094091696373653, "Train/Planner/recons_loss": 0.00010007048062107061, "Train/Planner/kl_loss": 8.704364105938112e-08, "Train/Planner/goal_loss": 0.00010094091696373653, "Train/Planner/Grad_Norms": 2.1879637508804144e-05, "Train/Planner/Reconstruction_Loss": 0.00010007048062107061, "Train/Planner/KL_Loss": 8.704364105938112e-08, "Train/Planner/Encoder_Variance": 0.9999999827146531, "Train/Actor/Optimizer/policy0_lr": 0.0001, "Train/Actor/Loss": 0.0006470020368578844, "Train/Actor/L2_Loss": 0.0006470020368578844, "Train/Actor/L1_Loss": 0.0002546255816923804, "Train/Actor/Cosine_Loss": 0.10444240763783455, "Train/Actor/Policy_Grad_Norms": 0.0069422866081669254, "Train/Loss": 0.0007479429538216209, "Timing_Stats/Train_Data_Loading": 0.003499885400136312, "Timing_Stats/Train_Process_Batch": 0.0193328062693278, "Timing_Stats/Train_Train_Batch": 0.03172787427902222, "Timing_Stats/Train_Log_Info": 0.0009623130162556966, "Timing_Stats/Train_Epoch": 0.05565661589304606, "System/RAM Usage (MB)": 4682, "_runtime": 11947.556189060211, "_step": 2000, "Rollout/Return/Lifteither": 0.54, "Rollout/Return/Lifteither/mean": 0.6154999999999999, "Rollout/Return/Lifteither/std": 0.24349486647566107, "Rollout/Return/Lifteither/min": 0.0, "Rollout/Return/Lifteither/max": 0.96, "Rollout/Horizon/Lifteither": 307.1, "Rollout/Horizon/Lifteither/mean": 300.78099999999995, "Rollout/Horizon/Lifteither/std": 45.98868142271531, "Rollout/Horizon/Lifteither/min": 227.96, "Rollout/Horizon/Lifteither/max": 400.0, "Rollout/Success_Rate/Lifteither": 0.54, "Rollout/Success_Rate/Lifteither/mean": 0.6154999999999999, "Rollout/Success_Rate/Lifteither/std": 0.24349486647566107, "Rollout/Success_Rate/Lifteither/min": 0.0, "Rollout/Success_Rate/Lifteither/max": 0.96, "Rollout/time/Lifteither": 3.7184472465515137, "Rollout/time/Lifteither/mean": 3.4628661236763003, "Rollout/time/Lifteither/std": 0.4226873705120946, "Rollout/time/Lifteither/min": 2.5231890630722047, "Rollout/time/Lifteither/max": 4.444582390785217, "Timing_Stats/Rollout_Lifteither_Episode": 3.098706038792928, "rollout video": {"_type": "video-file", "sha256": "99c37a404b77f82114bad96166cc5087433c93ff43c91e7190c7506764cdba83", "size": 4463153, "path": "media/videos/rollout video_2000_99c37a404b77f82114ba.mp4"}, "_wandb": {"runtime": 11947}}