{"Train/Planner/Optimizer/goal_network0_lr": 0.0001, "_timestamp": 1719969111.3564327, "Train/Planner/Loss": 4.5208052483758365e-06, "Train/Planner/recons_loss": 4.094617133887369e-06, "Train/Planner/kl_loss": 8.523762019763126e-08, "Train/Planner/goal_loss": 4.5208052483758365e-06, "Train/Planner/Grad_Norms": 1.6223604348149234e-06, "Train/Planner/Reconstruction_Loss": 4.094617133887369e-06, "Train/Planner/KL_Loss": 8.523762019763126e-08, "Train/Planner/Encoder_Variance": 0.9999999791383744, "Train/Actor/Optimizer/policy0_lr": 0.0001, "Train/Actor/Loss": 0.0012887147724904935, "Train/Actor/L2_Loss": 0.0012887147724904935, "Train/Actor/L1_Loss": 0.0005264536037248035, "Train/Actor/Cosine_Loss": 0.22348867118358612, "Train/Actor/Policy_Grad_Norms": 0.025776523603630426, "Train/Loss": 0.0012932355777388693, "Timing_Stats/Train_Data_Loading": 0.002731780211130778, "Timing_Stats/Train_Process_Batch": 0.0015589555104573568, "Timing_Stats/Train_Train_Batch": 0.018681784470876057, "Timing_Stats/Train_Log_Info": 0.000831445058186849, "Timing_Stats/Train_Epoch": 0.023876190185546875, "System/RAM Usage (MB)": 1782, "_runtime": 22689.30233168602, "_step": 2000, "Rollout/Return/Lifteither": 0.04, "Rollout/Return/Lifteither/mean": 0.1285, "Rollout/Return/Lifteither/std": 0.10439228898726188, "Rollout/Return/Lifteither/min": 0.0, "Rollout/Return/Lifteither/max": 0.38, "Rollout/Horizon/Lifteither": 393.9, "Rollout/Horizon/Lifteither/mean": 379.30550000000005, "Rollout/Horizon/Lifteither/std": 16.645312245494225, "Rollout/Horizon/Lifteither/min": 345.26, "Rollout/Horizon/Lifteither/max": 400.0, "Rollout/Success_Rate/Lifteither": 0.04, "Rollout/Success_Rate/Lifteither/mean": 0.1285, "Rollout/Success_Rate/Lifteither/std": 0.10439228898726188, "Rollout/Success_Rate/Lifteither/min": 0.0, "Rollout/Success_Rate/Lifteither/max": 0.38, "Rollout/time/Lifteither": 5.42193012714386, "Rollout/time/Lifteither/mean": 6.9041941393613815, "Rollout/time/Lifteither/std": 0.8628438777102778, "Rollout/time/Lifteither/min": 4.173675155639648, "Rollout/time/Lifteither/max": 8.191921610832214, "Timing_Stats/Rollout_Lifteither_Episode": 4.518275105953217, "rollout video": {"_type": "video-file", "sha256": "949e39351ec4a367c3937ff53841a9826b5deff0f7e5e9ac23c1399a1219ba05", "size": 4134607, "path": "media/videos/rollout video_2000_949e39351ec4a367c393.mp4"}, "_wandb": {"runtime": 22688}}