{"Train/Planner/Optimizer/goal_network0_lr": 0.0001, "_timestamp": 1720470124.3481643, "Train/Planner/Loss": 0.00011197348812856945, "Train/Planner/recons_loss": 0.00011114945395092946, "Train/Planner/kl_loss": 8.240341969667498e-08, "Train/Planner/goal_loss": 0.00011197348812856945, "Train/Planner/Grad_Norms": 1.3042509051330456e-05, "Train/Planner/Reconstruction_Loss": 0.00011114945395092946, "Train/Planner/KL_Loss": 8.240341969667498e-08, "Train/Planner/Encoder_Variance": 0.9999998497962952, "Train/Actor/Optimizer/policy0_lr": 0.0001, "Train/Actor/Loss": 0.0004872263268043753, "Train/Actor/L2_Loss": 0.0004872263268043753, "Train/Actor/L1_Loss": 0.0001965567684965208, "Train/Actor/Cosine_Loss": 0.09244199514389038, "Train/Actor/Policy_Grad_Norms": 0.01595889657304393, "Train/Loss": 0.0005991998149329447, "Timing_Stats/Train_Data_Loading": 0.0031413793563842773, "Timing_Stats/Train_Process_Batch": 0.0011662562688191731, "Timing_Stats/Train_Train_Batch": 0.026288962364196776, "Timing_Stats/Train_Log_Info": 0.0004788517951965332, "Timing_Stats/Train_Epoch": 0.031155550479888917, "System/RAM Usage (MB)": 6228, "_runtime": 11367.840347290039, "_step": 2000, "Rollout/Return/Lifteither": 0.6, "Rollout/Return/Lifteither/mean": 0.5925, "Rollout/Return/Lifteither/std": 0.24280393324656008, "Rollout/Return/Lifteither/min": 0.0, "Rollout/Return/Lifteither/max": 0.9, "Rollout/Horizon/Lifteither": 284.98, "Rollout/Horizon/Lifteither/mean": 299.6695, "Rollout/Horizon/Lifteither/std": 45.155169136545155, "Rollout/Horizon/Lifteither/min": 238.24, "Rollout/Horizon/Lifteither/max": 400.0, "Rollout/Success_Rate/Lifteither": 0.6, "Rollout/Success_Rate/Lifteither/mean": 0.5925, "Rollout/Success_Rate/Lifteither/std": 0.24280393324656008, "Rollout/Success_Rate/Lifteither/min": 0.0, "Rollout/Success_Rate/Lifteither/max": 0.9, "Rollout/time/Lifteither": 3.0281863164901734, "Rollout/time/Lifteither/mean": 3.433998595356941, "Rollout/time/Lifteither/std": 0.46418522213854113, "Rollout/time/Lifteither/min": 2.5741021633148193, "Rollout/time/Lifteither/max": 4.520202994346619, "Timing_Stats/Rollout_Lifteither_Episode": 2.5234885970751444, "rollout video": {"_type": "video-file", "sha256": "15c13d96fc1d5c1e8d98f6ae533c149e8d8f30bb6bc7d33c3ae9a3a395608d7d", "size": 4392607, "path": "media/videos/rollout video_2000_15c13d96fc1d5c1e8d98.mp4"}, "_wandb": {"runtime": 11367}}