{"Train/Planner/Optimizer/goal_network0_lr": 0.0001, "_timestamp": 1720833610.706794, "Train/Planner/Loss": 5.89069737088721e-06, "Train/Planner/recons_loss": 5.239665665612847e-06, "Train/Planner/kl_loss": 6.510317150265621e-08, "Train/Planner/goal_loss": 5.89069737088721e-06, "Train/Planner/Grad_Norms": 1.0532624812324698e-06, "Train/Planner/Reconstruction_Loss": 5.239665665612847e-06, "Train/Planner/KL_Loss": 6.510317150265621e-08, "Train/Planner/Encoder_Variance": 0.9999999797344208, "Train/Actor/Optimizer/policy0_lr": 0.0001, "Train/Actor/Loss": 0.0013007846207619877, "Train/Actor/L2_Loss": 0.0013007846207619877, "Train/Actor/L1_Loss": 0.0005609399827153539, "Train/Actor/Cosine_Loss": 0.19576132714748382, "Train/Actor/Policy_Grad_Norms": 0.04513800979038244, "Train/Loss": 0.001306675318132875, "Timing_Stats/Train_Data_Loading": 0.0023879170417785644, "Timing_Stats/Train_Process_Batch": 0.0006735444068908692, "Timing_Stats/Train_Train_Batch": 0.010034684340159099, "Timing_Stats/Train_Log_Info": 0.0004931092262268066, "Timing_Stats/Train_Epoch": 0.013644198576609293, "System/RAM Usage (MB)": 2229, "_runtime": 3243.9451019763947, "_step": 2000, "Rollout/Return/Lifteither": 0.2, "Rollout/Return/Lifteither/mean": 0.1875, "Rollout/Return/Lifteither/std": 0.17056890103415687, "Rollout/Return/Lifteither/min": 0.0, "Rollout/Return/Lifteither/max": 0.5, "Rollout/Horizon/Lifteither": 386.6, "Rollout/Horizon/Lifteither/mean": 372.835, "Rollout/Horizon/Lifteither/std": 24.501791261048655, "Rollout/Horizon/Lifteither/min": 315.4, "Rollout/Horizon/Lifteither/max": 400.0, "Rollout/Success_Rate/Lifteither": 0.2, "Rollout/Success_Rate/Lifteither/mean": 0.1875, "Rollout/Success_Rate/Lifteither/std": 0.17056890103415687, "Rollout/Success_Rate/Lifteither/min": 0.0, "Rollout/Success_Rate/Lifteither/max": 0.5, "Rollout/time/Lifteither": 3.817598295211792, "Rollout/time/Lifteither/mean": 3.7830460727214814, "Rollout/time/Lifteither/std": 0.2130562044399833, "Rollout/time/Lifteither/min": 3.2720752716064454, "Rollout/time/Lifteither/max": 4.082295823097229, "Timing_Stats/Rollout_Lifteither_Episode": 0.6362663825352987, "rollout video": {"_type": "video-file", "sha256": "5acbbb8e55a7904e4f9620196ba2f33447f3317fa250d4a30afa2cc8984fa3c6", "size": 2311666, "path": "media/videos/rollout video_2000_5acbbb8e55a7904e4f96.mp4"}, "_wandb": {"runtime": 3243}}