{"Train/Planner/Optimizer/goal_network0_lr": 0.0001, "_timestamp": 1720086503.44057, "Train/Planner/Loss": 5.587786768046499e-06, "Train/Planner/recons_loss": 4.743457204767765e-06, "Train/Planner/kl_loss": 8.443295779869686e-08, "Train/Planner/goal_loss": 5.587786768046499e-06, "Train/Planner/Grad_Norms": 2.5435503109487447e-06, "Train/Planner/Reconstruction_Loss": 4.743457204767765e-06, "Train/Planner/KL_Loss": 8.443295779869686e-08, "Train/Planner/Encoder_Variance": 1.0000000512599945, "Train/Actor/Optimizer/policy0_lr": 0.0001, "Train/Actor/Loss": 0.0006102908607363134, "Train/Actor/L2_Loss": 0.0006102908607363134, "Train/Actor/L1_Loss": 0.0002349323631574407, "Train/Actor/Cosine_Loss": 0.08178876534104347, "Train/Actor/Policy_Grad_Norms": 0.002512721455602298, "Train/Loss": 0.0006158786475043599, "Timing_Stats/Train_Data_Loading": 0.0032383958498636884, "Timing_Stats/Train_Process_Batch": 0.0011591831843058267, "Timing_Stats/Train_Train_Batch": 0.023694916566212972, "Timing_Stats/Train_Log_Info": 0.00043665170669555665, "Timing_Stats/Train_Epoch": 0.028604352474212648, "System/RAM Usage (MB)": 3281, "_runtime": 9563.487038135529, "_step": 2000, "Rollout/Return/Lifteither": 0.48, "Rollout/Return/Lifteither/mean": 0.3095, "Rollout/Return/Lifteither/std": 0.19508908221630444, "Rollout/Return/Lifteither/min": 0.0, "Rollout/Return/Lifteither/max": 0.68, "Rollout/Horizon/Lifteither": 330.32, "Rollout/Horizon/Lifteither/mean": 351.848, "Rollout/Horizon/Lifteither/std": 31.7393798931233, "Rollout/Horizon/Lifteither/min": 298.68, "Rollout/Horizon/Lifteither/max": 400.0, "Rollout/Success_Rate/Lifteither": 0.48, "Rollout/Success_Rate/Lifteither/mean": 0.3095, "Rollout/Success_Rate/Lifteither/std": 0.19508908221630444, "Rollout/Success_Rate/Lifteither/min": 0.0, "Rollout/Success_Rate/Lifteither/max": 0.68, "Rollout/time/Lifteither": 2.900972676277161, "Rollout/time/Lifteither/mean": 3.0699435415267944, "Rollout/time/Lifteither/std": 0.20721007125059795, "Rollout/time/Lifteither/min": 2.7215493392944334, "Rollout/time/Lifteither/max": 3.3893003559112547, "Timing_Stats/Rollout_Lifteither_Episode": 2.417477230230967, "rollout video": {"_type": "video-file", "sha256": "ed909b80dee213ea1a2467a968d7ac7f5d7bec1ef61bce0995ce8add0f815001", "size": 3367229, "path": "media/videos/rollout video_2000_ed909b80dee213ea1a24.mp4"}, "_wandb": {"runtime": 9563}}