{"Train/Planner/Optimizer/goal_network0_lr": 0.0001, "_timestamp": 1720070565.6475174, "Train/Planner/Loss": 6.190689218783518e-05, "Train/Planner/recons_loss": 6.104074724134989e-05, "Train/Planner/kl_loss": 8.66144878131081e-08, "Train/Planner/goal_loss": 6.190689218783518e-05, "Train/Planner/Grad_Norms": 1.4594927297520987e-05, "Train/Planner/Reconstruction_Loss": 6.104074724134989e-05, "Train/Planner/KL_Loss": 8.66144878131081e-08, "Train/Planner/Encoder_Variance": 0.9999999153614044, "Train/Actor/Optimizer/policy0_lr": 0.0001, "Train/Actor/Loss": 0.0006102908607363134, "Train/Actor/L2_Loss": 0.0006102908607363134, "Train/Actor/L1_Loss": 0.0002349323631574407, "Train/Actor/Cosine_Loss": 0.08178876534104347, "Train/Actor/Policy_Grad_Norms": 0.002512721455602298, "Train/Loss": 0.0006721977529241485, "Timing_Stats/Train_Data_Loading": 0.0031684080759684244, "Timing_Stats/Train_Process_Batch": 0.0011320908864339192, "Timing_Stats/Train_Train_Batch": 0.023057313760121663, "Timing_Stats/Train_Log_Info": 0.0004388610521952311, "Timing_Stats/Train_Epoch": 0.027869518597920737, "System/RAM Usage (MB)": 3257, "_runtime": 9604.74852347374, "_step": 2000, "Rollout/Return/Lifteither": 0.48, "Rollout/Return/Lifteither/mean": 0.3095, "Rollout/Return/Lifteither/std": 0.19508908221630444, "Rollout/Return/Lifteither/min": 0.0, "Rollout/Return/Lifteither/max": 0.68, "Rollout/Horizon/Lifteither": 330.32, "Rollout/Horizon/Lifteither/mean": 351.848, "Rollout/Horizon/Lifteither/std": 31.7393798931233, "Rollout/Horizon/Lifteither/min": 298.68, "Rollout/Horizon/Lifteither/max": 400.0, "Rollout/Success_Rate/Lifteither": 0.48, "Rollout/Success_Rate/Lifteither/mean": 0.3095, "Rollout/Success_Rate/Lifteither/std": 0.19508908221630444, "Rollout/Success_Rate/Lifteither/min": 0.0, "Rollout/Success_Rate/Lifteither/max": 0.68, "Rollout/time/Lifteither": 2.923625464439392, "Rollout/time/Lifteither/mean": 3.123970410823822, "Rollout/time/Lifteither/std": 0.22076720778342757, "Rollout/time/Lifteither/min": 2.767796540260315, "Rollout/time/Lifteither/max": 3.514719133377075, "Timing_Stats/Rollout_Lifteither_Episode": 2.4363545536994935, "rollout video": {"_type": "video-file", "sha256": "ed909b80dee213ea1a2467a968d7ac7f5d7bec1ef61bce0995ce8add0f815001", "size": 3367229, "path": "media/videos/rollout video_2000_ed909b80dee213ea1a24.mp4"}, "_wandb": {"runtime": 9604}}