{"Train/Planner/Optimizer/goal_network0_lr": 0.0001, "_timestamp": 1720231636.015906, "Train/Planner/Loss": 0.004828013502119575, "Train/Planner/recons_loss": 6.126915504864883e-05, "Train/Planner/kl_loss": 0.00047667444441685803, "Train/Planner/goal_loss": 0.004828013502119575, "Train/Planner/Grad_Norms": 38.03545054271858, "Train/Planner/Reconstruction_Loss": 6.126915504864883e-05, "Train/Planner/KL_Loss": 0.00047667444441685803, "Train/Planner/Encoder_Variance": 0.9965683829784393, "Train/Actor/Optimizer/policy0_lr": 0.0001, "Train/Actor/Loss": 0.00011905983954420663, "Train/Actor/L2_Loss": 0.00011905983954420663, "Train/Actor/L1_Loss": 5.204636022426712e-05, "Train/Actor/Cosine_Loss": 0.08200247455388307, "Train/Actor/Policy_Grad_Norms": 0.006231910655715076, "Train/Loss": 0.004947073341663781, "Timing_Stats/Train_Data_Loading": 0.0032068133354187013, "Timing_Stats/Train_Process_Batch": 0.0011465946833292644, "Timing_Stats/Train_Train_Batch": 0.02442094087600708, "Timing_Stats/Train_Log_Info": 0.0004246393839518229, "Timing_Stats/Train_Epoch": 0.02928640047709147, "System/RAM Usage (MB)": 3338, "_runtime": 9939.450966119766, "_step": 2000, "Rollout/Return/Lifteither": 0.08, "Rollout/Return/Lifteither/mean": 0.229, "Rollout/Return/Lifteither/std": 0.16260073800570526, "Rollout/Return/Lifteither/min": 0.0, "Rollout/Return/Lifteither/max": 0.66, "Rollout/Horizon/Lifteither": 386.64, "Rollout/Horizon/Lifteither/mean": 364.00199999999995, "Rollout/Horizon/Lifteither/std": 26.240794119081073, "Rollout/Horizon/Lifteither/min": 284.06, "Rollout/Horizon/Lifteither/max": 400.0, "Rollout/Success_Rate/Lifteither": 0.08, "Rollout/Success_Rate/Lifteither/mean": 0.229, "Rollout/Success_Rate/Lifteither/std": 0.16260073800570526, "Rollout/Success_Rate/Lifteither/min": 0.0, "Rollout/Success_Rate/Lifteither/max": 0.66, "Rollout/time/Lifteither": 3.375324969291687, "Rollout/time/Lifteither/mean": 3.2136881936788555, "Rollout/time/Lifteither/std": 0.17851034708540967, "Rollout/time/Lifteither/min": 2.6804012489318847, "Rollout/time/Lifteither/max": 3.468798246383667, "Timing_Stats/Rollout_Lifteither_Episode": 2.8127708077430724, "rollout video": {"_type": "video-file", "sha256": "28424ce87a8c567e8c6e5811b80c9beb4e758c46a0b821b35e88593c3feb1d3e", "size": 2759711, "path": "media/videos/rollout video_2000_28424ce87a8c567e8c6e.mp4"}, "_wandb": {"runtime": 9939}}