{"Train/Planner/Optimizer/goal_network0_lr": 0.0001, "_timestamp": 1720267829.813705, "Train/Planner/Loss": 7.334167978115147e-05, "Train/Planner/recons_loss": 7.248030313348863e-05, "Train/Planner/kl_loss": 8.613765032805532e-08, "Train/Planner/goal_loss": 7.334167978115147e-05, "Train/Planner/Grad_Norms": 1.4594093557260823e-05, "Train/Planner/Reconstruction_Loss": 7.248030313348863e-05, "Train/Planner/KL_Loss": 8.613765032805532e-08, "Train/Planner/Encoder_Variance": 0.9999999457597732, "Train/Actor/Optimizer/policy0_lr": 0.0001, "Train/Actor/Loss": 0.0004934575359038717, "Train/Actor/L2_Loss": 0.0004934575359038717, "Train/Actor/L1_Loss": 0.0001950968639448547, "Train/Actor/Cosine_Loss": 0.10287673078477383, "Train/Actor/Policy_Grad_Norms": 0.004831716416520515, "Train/Loss": 0.0005667992156850232, "Timing_Stats/Train_Data_Loading": 0.0033349196116129556, "Timing_Stats/Train_Process_Batch": 0.0012869000434875487, "Timing_Stats/Train_Train_Batch": 0.026481544971466063, "Timing_Stats/Train_Log_Info": 0.0005126674969991048, "Timing_Stats/Train_Epoch": 0.03171317974726359, "System/RAM Usage (MB)": 4688, "_runtime": 11466.923757076263, "_step": 2000, "Rollout/Return/Lifteither": 0.62, "Rollout/Return/Lifteither/mean": 0.5595, "Rollout/Return/Lifteither/std": 0.2711636959476692, "Rollout/Return/Lifteither/min": 0.0, "Rollout/Return/Lifteither/max": 0.94, "Rollout/Horizon/Lifteither": 280.8, "Rollout/Horizon/Lifteither/mean": 308.326, "Rollout/Horizon/Lifteither/std": 52.9605334565278, "Rollout/Horizon/Lifteither/min": 235.46, "Rollout/Horizon/Lifteither/max": 400.0, "Rollout/Success_Rate/Lifteither": 0.62, "Rollout/Success_Rate/Lifteither/mean": 0.5595, "Rollout/Success_Rate/Lifteither/std": 0.2711636959476692, "Rollout/Success_Rate/Lifteither/min": 0.0, "Rollout/Success_Rate/Lifteither/max": 0.94, "Rollout/time/Lifteither": 3.3270820569992066, "Rollout/time/Lifteither/mean": 3.5783007776737206, "Rollout/time/Lifteither/std": 0.5333455618930969, "Rollout/time/Lifteither/min": 2.4665474700927734, "Rollout/time/Lifteither/max": 4.357991027832031, "Timing_Stats/Rollout_Lifteither_Episode": 2.772568380832672, "rollout video": {"_type": "video-file", "sha256": "6d7dc563761325e6acf0172c287a54a9f63ca0cf3c5c7ec76add0484f84e0599", "size": 3934845, "path": "media/videos/rollout video_2000_6d7dc563761325e6acf0.mp4"}, "_wandb": {"runtime": 11466}}