{"Train/Planner/Optimizer/goal_network0_lr": 0.0001, "_timestamp": 1719969579.1499157, "Train/Planner/Loss": 1.3908273663219006e-05, "Train/Planner/recons_loss": 1.3464397875395662e-05, "Train/Planner/kl_loss": 8.877515590199892e-08, "Train/Planner/goal_loss": 1.3908273663219006e-05, "Train/Planner/Grad_Norms": 4.0317473400268595e-06, "Train/Planner/Reconstruction_Loss": 1.3464397875395662e-05, "Train/Planner/KL_Loss": 8.877515590199892e-08, "Train/Planner/Encoder_Variance": 0.999999902844429, "Train/Actor/Optimizer/policy0_lr": 0.0001, "Train/Actor/Loss": 0.00139046078949832, "Train/Actor/L2_Loss": 0.00139046078949832, "Train/Actor/L1_Loss": 0.0005303529153297859, "Train/Actor/Cosine_Loss": 0.16034494020044804, "Train/Actor/Policy_Grad_Norms": 0.0007804230543980201, "Train/Loss": 0.001404369063161539, "Timing_Stats/Train_Data_Loading": 0.0029849966367085775, "Timing_Stats/Train_Process_Batch": 0.0010629971822102866, "Timing_Stats/Train_Train_Batch": 0.023899654547373455, "Timing_Stats/Train_Log_Info": 0.0005247990290323893, "Timing_Stats/Train_Epoch": 0.02855452299118042, "System/RAM Usage (MB)": 2047, "_runtime": 22572.811470746994, "_step": 2000, "Rollout/Return/Lifteither": 0.1, "Rollout/Return/Lifteither/mean": 0.1605, "Rollout/Return/Lifteither/std": 0.10133977501455191, "Rollout/Return/Lifteither/min": 0.0, "Rollout/Return/Lifteither/max": 0.38, "Rollout/Horizon/Lifteither": 379.84, "Rollout/Horizon/Lifteither/mean": 372.8265, "Rollout/Horizon/Lifteither/std": 18.38281827549845, "Rollout/Horizon/Lifteither/min": 331.12, "Rollout/Horizon/Lifteither/max": 400.0, "Rollout/Success_Rate/Lifteither": 0.1, "Rollout/Success_Rate/Lifteither/mean": 0.1605, "Rollout/Success_Rate/Lifteither/std": 0.10133977501455191, "Rollout/Success_Rate/Lifteither/min": 0.0, "Rollout/Success_Rate/Lifteither/max": 0.38, "Rollout/time/Lifteither": 4.9483550262451175, "Rollout/time/Lifteither/mean": 6.8270374774932865, "Rollout/time/Lifteither/std": 0.7381807523896091, "Rollout/time/Lifteither/min": 4.9483550262451175, "Rollout/time/Lifteither/max": 8.135291075706482, "Timing_Stats/Rollout_Lifteither_Episode": 4.123629188537597, "rollout video": {"_type": "video-file", "sha256": "da9ad0cd3619dfd99efbd42807084555738bb2675547d0a903fc5088523a886a", "size": 2807386, "path": "media/videos/rollout video_2000_da9ad0cd3619dfd99efb.mp4"}, "_wandb": {"runtime": 22572}}