{"Train/Planner/Optimizer/goal_network0_lr": 0.0001, "_timestamp": 1720467479.0049977, "Train/Planner/Loss": 0.002446446837420808, "Train/Planner/recons_loss": 7.32701209562947e-05, "Train/Planner/kl_loss": 0.00023731766395940213, "Train/Planner/goal_loss": 0.002446446837420808, "Train/Planner/Grad_Norms": 41.29533521556957, "Train/Planner/Reconstruction_Loss": 7.32701209562947e-05, "Train/Planner/KL_Loss": 0.00023731766395940213, "Train/Planner/Encoder_Variance": 0.9853927218914031, "Train/Actor/Optimizer/policy0_lr": 0.0001, "Train/Actor/Loss": 8.766586412093602e-05, "Train/Actor/L2_Loss": 8.766586412093602e-05, "Train/Actor/L1_Loss": 3.795897016971139e-05, "Train/Actor/Cosine_Loss": 0.06050489649176598, "Train/Actor/Policy_Grad_Norms": 0.0017495936417440412, "Train/Loss": 0.0025341127015417442, "Timing_Stats/Train_Data_Loading": 0.003383604685465495, "Timing_Stats/Train_Process_Batch": 0.0012131770451863607, "Timing_Stats/Train_Train_Batch": 0.02499419848124186, "Timing_Stats/Train_Log_Info": 0.00038111209869384766, "Timing_Stats/Train_Epoch": 0.030061169465382894, "System/RAM Usage (MB)": 3288, "_runtime": 9900.684547662735, "_step": 2000, "Rollout/Return/Lifteither": 0.52, "Rollout/Return/Lifteither/mean": 0.4365, "Rollout/Return/Lifteither/std": 0.18043766236570455, "Rollout/Return/Lifteither/min": 0.0, "Rollout/Return/Lifteither/max": 0.66, "Rollout/Horizon/Lifteither": 307.92, "Rollout/Horizon/Lifteither/mean": 329.276, "Rollout/Horizon/Lifteither/std": 30.430860388756678, "Rollout/Horizon/Lifteither/min": 287.38, "Rollout/Horizon/Lifteither/max": 400.0, "Rollout/Success_Rate/Lifteither": 0.52, "Rollout/Success_Rate/Lifteither/mean": 0.4365, "Rollout/Success_Rate/Lifteither/std": 0.18043766236570455, "Rollout/Success_Rate/Lifteither/min": 0.0, "Rollout/Success_Rate/Lifteither/max": 0.66, "Rollout/time/Lifteither": 2.9579671382904054, "Rollout/time/Lifteither/mean": 3.100082577228546, "Rollout/time/Lifteither/std": 0.21652982848499694, "Rollout/time/Lifteither/min": 2.804026427268982, "Rollout/time/Lifteither/max": 3.8648304176330566, "Timing_Stats/Rollout_Lifteither_Episode": 2.4649726152420044, "rollout video": {"_type": "video-file", "sha256": "cbe6bb8a524636df3c95ecfd4c3c8e7dbbd97e787004cfe9d77809615aa656c4", "size": 3782359, "path": "media/videos/rollout video_2000_cbe6bb8a524636df3c95.mp4"}, "_wandb": {"runtime": 9900}}