{"Train/Planner/Optimizer/goal_network0_lr": 0.0001, "_timestamp": 1719813751.2719574, "Train/Planner/Loss": 3.6197446547703293e-06, "Train/Planner/recons_loss": 3.6196537507748873e-06, "Train/Planner/kl_loss": 1.8178820198500035e-07, "Train/Planner/goal_loss": 3.6197446547703293e-06, "Train/Planner/Grad_Norms": 1.4296246306143664e-06, "Train/Planner/Reconstruction_Loss": 3.6196537507748873e-06, "Train/Planner/KL_Loss": 1.8178820198500035e-07, "Train/Planner/Encoder_Variance": 0.9999426859617233, "Train/Actor/Optimizer/policy0_lr": 0.0001, "Train/Actor/Loss": 0.0009470170879649231, "Train/Actor/L2_Loss": 0.0009470170879649231, "Train/Actor/L1_Loss": 0.000414459649946366, "Train/Actor/Cosine_Loss": 0.23600529819726945, "Train/Actor/Policy_Grad_Norms": 0.012447226578969506, "Train/Loss": 0.0009506368326196935, "Timing_Stats/Train_Data_Loading": 0.0024664600690205893, "Timing_Stats/Train_Process_Batch": 0.0007324814796447754, "Timing_Stats/Train_Train_Batch": 0.008740397294362386, "Timing_Stats/Train_Log_Info": 0.0004909555117289225, "Timing_Stats/Train_Epoch": 0.012476722399393717, "System/RAM Usage (MB)": 1729, "_runtime": 7615.99356341362, "_step": 2000, "Rollout/Return/Lifteither": 0.68, "Rollout/Return/Lifteither/mean": 0.4595000000000001, "Rollout/Return/Lifteither/std": 0.27009211391671545, "Rollout/Return/Lifteither/min": 0.0, "Rollout/Return/Lifteither/max": 0.8, "Rollout/Horizon/Lifteither": 317.5, "Rollout/Horizon/Lifteither/mean": 343.181, "Rollout/Horizon/Lifteither/std": 38.70246760866805, "Rollout/Horizon/Lifteither/min": 261.62, "Rollout/Horizon/Lifteither/max": 400.0, "Rollout/Success_Rate/Lifteither": 0.68, "Rollout/Success_Rate/Lifteither/mean": 0.4595000000000001, "Rollout/Success_Rate/Lifteither/std": 0.27009211391671545, "Rollout/Success_Rate/Lifteither/min": 0.0, "Rollout/Success_Rate/Lifteither/max": 0.8, "Rollout/time/Lifteither": 2.909781994819641, "Rollout/time/Lifteither/mean": 3.074035307765007, "Rollout/time/Lifteither/std": 0.24627138455174485, "Rollout/time/Lifteither/min": 2.562649784088135, "Rollout/time/Lifteither/max": 3.5192951154708862, "Timing_Stats/Rollout_Lifteither_Episode": 2.4248183290163676, "rollout video": {"_type": "video-file", "sha256": "64139a1a1d6253e63a64e53dd3da9584445279358ae90265a35aae44d6819d48", "size": 3802910, "path": "media/videos/rollout video_2000_64139a1a1d6253e63a64.mp4"}, "_wandb": {"runtime": 7613}}