{"Train/Planner/Optimizer/goal_network0_lr": 0.0001, "_timestamp": 1720332069.0551567, "Train/Planner/Loss": 0.0033209239365532993, "Train/Planner/recons_loss": 1.9185278124496107e-05, "Train/Planner/kl_loss": 0.00033017386365827403, "Train/Planner/goal_loss": 0.0033209239365532993, "Train/Planner/Grad_Norms": 42.78750839347105, "Train/Planner/Reconstruction_Loss": 1.9185278124496107e-05, "Train/Planner/KL_Loss": 0.00033017386365827403, "Train/Planner/Encoder_Variance": 0.9849078160524368, "Train/Actor/Optimizer/policy0_lr": 0.0001, "Train/Actor/Loss": 0.0006118946103742929, "Train/Actor/L2_Loss": 0.0006118946103742929, "Train/Actor/L1_Loss": 0.0002559906574060733, "Train/Actor/Cosine_Loss": 0.15878667645156383, "Train/Actor/Policy_Grad_Norms": 0.016486237906563447, "Train/Loss": 0.003932818546927592, "Timing_Stats/Train_Data_Loading": 0.002631978193918864, "Timing_Stats/Train_Process_Batch": 0.0008168458938598633, "Timing_Stats/Train_Train_Batch": 0.015774019559224448, "Timing_Stats/Train_Log_Info": 0.0005566517512003581, "Timing_Stats/Train_Epoch": 0.019840041796366375, "System/RAM Usage (MB)": 2886, "_runtime": 9660.565196752548, "_step": 2000, "Rollout/Return/Lifteither": 0.44, "Rollout/Return/Lifteither/mean": 0.35250000000000004, "Rollout/Return/Lifteither/std": 0.15991794771069318, "Rollout/Return/Lifteither/min": 0.0, "Rollout/Return/Lifteither/max": 0.7, "Rollout/Horizon/Lifteither": 322.72, "Rollout/Horizon/Lifteither/mean": 349.236, "Rollout/Horizon/Lifteither/std": 26.382523078735286, "Rollout/Horizon/Lifteither/min": 286.08, "Rollout/Horizon/Lifteither/max": 400.0, "Rollout/Success_Rate/Lifteither": 0.44, "Rollout/Success_Rate/Lifteither/mean": 0.35250000000000004, "Rollout/Success_Rate/Lifteither/std": 0.15991794771069318, "Rollout/Success_Rate/Lifteither/min": 0.0, "Rollout/Success_Rate/Lifteither/max": 0.7, "Rollout/time/Lifteither": 3.3859368753433228, "Rollout/time/Lifteither/mean": 3.505902076721192, "Rollout/time/Lifteither/std": 0.20370561985947383, "Rollout/time/Lifteither/min": 3.082759389877319, "Rollout/time/Lifteither/max": 3.9403987312316895, "Timing_Stats/Rollout_Lifteither_Episode": 2.8216140627861024, "rollout video": {"_type": "video-file", "sha256": "4a01c1e651908413e4f5855b8fd10f498be4d2a1323c42ff4c07b55697cb9dbf", "size": 4946135, "path": "media/videos/rollout video_2000_4a01c1e651908413e4f5.mp4"}, "_wandb": {"runtime": 9660}}