{"Train/Planner/Optimizer/goal_network0_lr": 0.0001, "_timestamp": 1719968857.5848238, "Train/Planner/Loss": 5.886091771571955e-06, "Train/Planner/recons_loss": 4.222824222779309e-06, "Train/Planner/kl_loss": 8.316337872571466e-08, "Train/Planner/goal_loss": 5.886091771571955e-06, "Train/Planner/Grad_Norms": 5.656919750525458e-06, "Train/Planner/Reconstruction_Loss": 4.222824222779309e-06, "Train/Planner/KL_Loss": 8.316337872571466e-08, "Train/Planner/Encoder_Variance": 0.9999999779462815, "Train/Actor/Optimizer/policy0_lr": 0.0001, "Train/Actor/Loss": 0.0012887147724904935, "Train/Actor/L2_Loss": 0.0012887147724904935, "Train/Actor/L1_Loss": 0.0005264536037248035, "Train/Actor/Cosine_Loss": 0.22348867118358612, "Train/Actor/Policy_Grad_Norms": 0.025776523603630426, "Train/Loss": 0.0012946008642620655, "Timing_Stats/Train_Data_Loading": 0.002814030647277832, "Timing_Stats/Train_Process_Batch": 0.013069220383961995, "Timing_Stats/Train_Train_Batch": 0.03395934899648031, "Timing_Stats/Train_Log_Info": 0.0016253908475240071, "Timing_Stats/Train_Epoch": 0.05158756573994954, "System/RAM Usage (MB)": 1780, "_runtime": 22495.928169965744, "_step": 2000, "Rollout/Return/Lifteither": 0.04, "Rollout/Return/Lifteither/mean": 0.1285, "Rollout/Return/Lifteither/std": 0.10439228898726188, "Rollout/Return/Lifteither/min": 0.0, "Rollout/Return/Lifteither/max": 0.38, "Rollout/Horizon/Lifteither": 393.9, "Rollout/Horizon/Lifteither/mean": 379.30550000000005, "Rollout/Horizon/Lifteither/std": 16.645312245494225, "Rollout/Horizon/Lifteither/min": 345.26, "Rollout/Horizon/Lifteither/max": 400.0, "Rollout/Success_Rate/Lifteither": 0.04, "Rollout/Success_Rate/Lifteither/mean": 0.1285, "Rollout/Success_Rate/Lifteither/std": 0.10439228898726188, "Rollout/Success_Rate/Lifteither/min": 0.0, "Rollout/Success_Rate/Lifteither/max": 0.38, "Rollout/time/Lifteither": 6.71425021648407, "Rollout/time/Lifteither/mean": 7.134933252692223, "Rollout/time/Lifteither/std": 0.9192777158665215, "Rollout/time/Lifteither/min": 4.189439711570739, "Rollout/time/Lifteither/max": 8.525674042701722, "Timing_Stats/Rollout_Lifteither_Episode": 5.595208513736725, "rollout video": {"_type": "video-file", "sha256": "949e39351ec4a367c3937ff53841a9826b5deff0f7e5e9ac23c1399a1219ba05", "size": 4134607, "path": "media/videos/rollout video_2000_949e39351ec4a367c393.mp4"}, "_wandb": {"runtime": 22495}}