{"Train/Planner/Optimizer/goal_network0_lr": 0.0001, "_timestamp": 1719981754.0800002, "Train/Planner/Loss": 4.649617389077321e-05, "Train/Planner/recons_loss": 4.56544370354095e-05, "Train/Planner/kl_loss": 8.417367773461138e-08, "Train/Planner/goal_loss": 4.649617389077321e-05, "Train/Planner/Grad_Norms": 9.873289059930956e-06, "Train/Planner/Reconstruction_Loss": 4.56544370354095e-05, "Train/Planner/KL_Loss": 8.417367773461138e-08, "Train/Planner/Encoder_Variance": 0.9999999845027924, "Train/Actor/Optimizer/policy0_lr": 0.0001, "Train/Actor/Loss": 0.0007184044555788205, "Train/Actor/L2_Loss": 0.0007184044555788205, "Train/Actor/L1_Loss": 0.0002764390230527169, "Train/Actor/Cosine_Loss": 0.07984896678477525, "Train/Actor/Policy_Grad_Norms": 0.014255556612997466, "Train/Loss": 0.0007649006294695937, "Timing_Stats/Train_Data_Loading": 0.0032631079355875652, "Timing_Stats/Train_Process_Batch": 0.0011684020360310872, "Timing_Stats/Train_Train_Batch": 0.023557849725087485, "Timing_Stats/Train_Log_Info": 0.0004418651262919108, "Timing_Stats/Train_Epoch": 0.028509910901387533, "System/RAM Usage (MB)": 3263, "_runtime": 9685.562114238739, "_step": 2000, "Rollout/Return/Lifteither": 0.28, "Rollout/Return/Lifteither/mean": 0.2915, "Rollout/Return/Lifteither/std": 0.17509354642590344, "Rollout/Return/Lifteither/min": 0.0, "Rollout/Return/Lifteither/max": 0.6, "Rollout/Horizon/Lifteither": 358.72, "Rollout/Horizon/Lifteither/mean": 353.3805, "Rollout/Horizon/Lifteither/std": 30.119300286527245, "Rollout/Horizon/Lifteither/min": 296.58, "Rollout/Horizon/Lifteither/max": 400.0, "Rollout/Success_Rate/Lifteither": 0.28, "Rollout/Success_Rate/Lifteither/mean": 0.2915, "Rollout/Success_Rate/Lifteither/std": 0.17509354642590344, "Rollout/Success_Rate/Lifteither/min": 0.0, "Rollout/Success_Rate/Lifteither/max": 0.6, "Rollout/time/Lifteither": 3.1909392642974854, "Rollout/time/Lifteither/mean": 3.129097856044769, "Rollout/time/Lifteither/std": 0.2046319091626121, "Rollout/time/Lifteither/min": 2.741147918701172, "Rollout/time/Lifteither/max": 3.557175807952881, "Timing_Stats/Rollout_Lifteither_Episode": 2.6591160535812377, "rollout video": {"_type": "video-file", "sha256": "9860f1d79077dae66475c79f55854fda9e657a4fa66af833a3e14a347ca2196a", "size": 5983565, "path": "media/videos/rollout video_2000_9860f1d79077dae66475.mp4"}, "_wandb": {"runtime": 9684}}