{"Train/Planner/Optimizer/goal_network0_lr": 0.0001, "_timestamp": 1720559747.6064131, "Train/Planner/Loss": 0.019381149015389385, "Train/Planner/recons_loss": 1.8601325782583443e-05, "Train/Planner/kl_loss": 1.9362547855052982e-05, "Train/Planner/goal_loss": 0.019381149015389385, "Train/Planner/Grad_Norms": 433907.1549891063, "Train/Planner/Reconstruction_Loss": 1.8601325782583443e-05, "Train/Planner/KL_Loss": 1.9362547855052982e-05, "Train/Planner/Encoder_Variance": 0.9848326045274735, "Train/Actor/Optimizer/policy0_lr": 0.0001, "Train/Actor/Loss": 0.0010694165203312877, "Train/Actor/L2_Loss": 0.0010694165203312877, "Train/Actor/L1_Loss": 0.00045469802244042513, "Train/Actor/Cosine_Loss": 0.15595133021473884, "Train/Actor/Policy_Grad_Norms": 0.09671510367176225, "Train/Loss": 0.02045056553572067, "Timing_Stats/Train_Data_Loading": 0.002678080399831136, "Timing_Stats/Train_Process_Batch": 0.0007678667704264323, "Timing_Stats/Train_Train_Batch": 0.011071221033732096, "Timing_Stats/Train_Log_Info": 0.00046050151189168295, "Timing_Stats/Train_Epoch": 0.015030129750569662, "System/RAM Usage (MB)": 3176, "_runtime": 8540.653110027313, "_step": 2000, "Rollout/Return/Lifteither": 0.14, "Rollout/Return/Lifteither/mean": 0.1405, "Rollout/Return/Lifteither/std": 0.1470025509982735, "Rollout/Return/Lifteither/min": 0.0, "Rollout/Return/Lifteither/max": 0.66, "Rollout/Horizon/Lifteither": 378.84, "Rollout/Horizon/Lifteither/mean": 379.95500000000004, "Rollout/Horizon/Lifteither/std": 21.237092903690936, "Rollout/Horizon/Lifteither/min": 304.98, "Rollout/Horizon/Lifteither/max": 400.0, "Rollout/Success_Rate/Lifteither": 0.14, "Rollout/Success_Rate/Lifteither/mean": 0.1405, "Rollout/Success_Rate/Lifteither/std": 0.1470025509982735, "Rollout/Success_Rate/Lifteither/min": 0.0, "Rollout/Success_Rate/Lifteither/max": 0.66, "Rollout/time/Lifteither": 3.385954055786133, "Rollout/time/Lifteither/mean": 3.345111697435379, "Rollout/time/Lifteither/std": 0.14961692857980408, "Rollout/time/Lifteither/min": 2.851888427734375, "Rollout/time/Lifteither/max": 3.508933258056641, "Timing_Stats/Rollout_Lifteither_Episode": 2.821628379821777, "rollout video": {"_type": "video-file", "sha256": "f01487902e9ed4a7ec0236a17cdafe1774a809d686faf314e8614a83b9f64a76", "size": 5306089, "path": "media/videos/rollout video_2000_f01487902e9ed4a7ec02.mp4"}, "_wandb": {"runtime": 8540}}