{"Train/Planner/Optimizer/goal_network0_lr": 0.0001, "_timestamp": 1720267732.335333, "Train/Planner/Loss": 7.660138729988831e-05, "Train/Planner/recons_loss": 7.576847197924507e-05, "Train/Planner/kl_loss": 8.329152873187695e-08, "Train/Planner/goal_loss": 7.660138729988831e-05, "Train/Planner/Grad_Norms": 2.0725710240999394e-05, "Train/Planner/Reconstruction_Loss": 7.576847197924507e-05, "Train/Planner/KL_Loss": 8.329152873187695e-08, "Train/Planner/Encoder_Variance": 0.9999998718500137, "Train/Actor/Optimizer/policy0_lr": 0.0001, "Train/Actor/Loss": 0.0007188296279855422, "Train/Actor/L2_Loss": 0.0007188296279855422, "Train/Actor/L1_Loss": 0.00028060291027941274, "Train/Actor/Cosine_Loss": 0.10453519254922866, "Train/Actor/Policy_Grad_Norms": 0.008243032415781233, "Train/Loss": 0.0007954310152854305, "Timing_Stats/Train_Data_Loading": 0.003394591808319092, "Timing_Stats/Train_Process_Batch": 0.001224184036254883, "Timing_Stats/Train_Train_Batch": 0.027981897195180256, "Timing_Stats/Train_Log_Info": 0.00044742425282796226, "Timing_Stats/Train_Epoch": 0.033136574427286784, "System/RAM Usage (MB)": 3985, "_runtime": 12058.636965036392, "_step": 2000, "Rollout/Return/Lifteither": 0.16, "Rollout/Return/Lifteither/mean": 0.5509999999999999, "Rollout/Return/Lifteither/std": 0.2539665332282976, "Rollout/Return/Lifteither/min": 0.0, "Rollout/Return/Lifteither/max": 0.88, "Rollout/Horizon/Lifteither": 382.7, "Rollout/Horizon/Lifteither/mean": 317.72300000000007, "Rollout/Horizon/Lifteither/std": 44.626786922206264, "Rollout/Horizon/Lifteither/min": 256.12, "Rollout/Horizon/Lifteither/max": 400.0, "Rollout/Success_Rate/Lifteither": 0.16, "Rollout/Success_Rate/Lifteither/mean": 0.5509999999999999, "Rollout/Success_Rate/Lifteither/std": 0.2539665332282976, "Rollout/Success_Rate/Lifteither/min": 0.0, "Rollout/Success_Rate/Lifteither/max": 0.88, "Rollout/time/Lifteither": 3.428283176422119, "Rollout/time/Lifteither/mean": 3.616935874223709, "Rollout/time/Lifteither/std": 0.3769115878965684, "Rollout/time/Lifteither/min": 2.7963122224807737, "Rollout/time/Lifteither/max": 4.494823579788208, "Timing_Stats/Rollout_Lifteither_Episode": 2.8569026470184324, "rollout video": {"_type": "video-file", "sha256": "75439fb7ef9d1290f500b5b9bd829f5ea21ae0d332923f6f6c21b34d00648dd3", "size": 4932069, "path": "media/videos/rollout video_2000_75439fb7ef9d1290f500.mp4"}, "_wandb": {"runtime": 12058}}