{"Train/Planner/Optimizer/goal_network0_lr": 0.0001, "_timestamp": 1719969677.804718, "Train/Planner/Loss": 1.4308663267001976e-05, "Train/Planner/recons_loss": 1.3474227989718201e-05, "Train/Planner/kl_loss": 8.344352046663062e-08, "Train/Planner/goal_loss": 1.4308663267001976e-05, "Train/Planner/Grad_Norms": 5.382321202575258e-06, "Train/Planner/Reconstruction_Loss": 1.3474227989718201e-05, "Train/Planner/KL_Loss": 8.344352046663062e-08, "Train/Planner/Encoder_Variance": 0.999999994635582, "Train/Actor/Optimizer/policy0_lr": 0.0001, "Train/Actor/Loss": 0.00139046078949832, "Train/Actor/L2_Loss": 0.00139046078949832, "Train/Actor/L1_Loss": 0.0005303529153297859, "Train/Actor/Cosine_Loss": 0.16034494020044804, "Train/Actor/Policy_Grad_Norms": 0.0007804230543980201, "Train/Loss": 0.0014047694527653221, "Timing_Stats/Train_Data_Loading": 0.0031063675880432127, "Timing_Stats/Train_Process_Batch": 0.014337376753489176, "Timing_Stats/Train_Train_Batch": 0.027628743648529054, "Timing_Stats/Train_Log_Info": 0.0010721564292907714, "Timing_Stats/Train_Epoch": 0.046258779366811116, "System/RAM Usage (MB)": 2069, "_runtime": 22568.109518051147, "_step": 2000, "Rollout/Return/Lifteither": 0.1, "Rollout/Return/Lifteither/mean": 0.1605, "Rollout/Return/Lifteither/std": 0.10133977501455191, "Rollout/Return/Lifteither/min": 0.0, "Rollout/Return/Lifteither/max": 0.38, "Rollout/Horizon/Lifteither": 379.84, "Rollout/Horizon/Lifteither/mean": 372.8265, "Rollout/Horizon/Lifteither/std": 18.38281827549845, "Rollout/Horizon/Lifteither/min": 331.12, "Rollout/Horizon/Lifteither/max": 400.0, "Rollout/Success_Rate/Lifteither": 0.1, "Rollout/Success_Rate/Lifteither/mean": 0.1605, "Rollout/Success_Rate/Lifteither/std": 0.10133977501455191, "Rollout/Success_Rate/Lifteither/min": 0.0, "Rollout/Success_Rate/Lifteither/max": 0.38, "Rollout/time/Lifteither": 3.8962240695953367, "Rollout/time/Lifteither/mean": 6.535607842326163, "Rollout/time/Lifteither/std": 0.7335646662417286, "Rollout/time/Lifteither/min": 3.8962240695953367, "Rollout/time/Lifteither/max": 7.590329618453979, "Timing_Stats/Rollout_Lifteither_Episode": 3.2468533913294473, "rollout video": {"_type": "video-file", "sha256": "da9ad0cd3619dfd99efbd42807084555738bb2675547d0a903fc5088523a886a", "size": 2807386, "path": "media/videos/rollout video_2000_da9ad0cd3619dfd99efb.mp4"}, "_wandb": {"runtime": 22567}}