{"Train/Planner/Optimizer/goal_network0_lr": 0.0001, "_timestamp": 1719829357.951145, "Train/Planner/Loss": 0.05067676369100809, "Train/Planner/recons_loss": 0.05067676369100809, "Train/Planner/kl_loss": 1.1324882507324219e-08, "Train/Planner/goal_loss": 0.05067676369100809, "Train/Planner/Grad_Norms": 0.007756876946721102, "Train/Planner/Reconstruction_Loss": 0.05067676369100809, "Train/Planner/KL_Loss": 1.1324882507324219e-08, "Train/Planner/Encoder_Variance": 0.999999989271164, "Train/Actor/Optimizer/policy0_lr": 0.0001, "Train/Actor/Loss": 0.0011825270668123266, "Train/Actor/L2_Loss": 0.0011825270668123266, "Train/Actor/L1_Loss": 0.0005106912130395358, "Train/Actor/Cosine_Loss": 0.23996972888708115, "Train/Actor/Policy_Grad_Norms": 0.05556725598120083, "Train/Loss": 0.05185929075782042, "Timing_Stats/Train_Data_Loading": 0.0023910045623779298, "Timing_Stats/Train_Process_Batch": 0.000698387622833252, "Timing_Stats/Train_Train_Batch": 0.00844137668609619, "Timing_Stats/Train_Log_Info": 0.0005029122034708659, "Timing_Stats/Train_Epoch": 0.012079338232676188, "System/RAM Usage (MB)": 1738, "_runtime": 7571.670928955078, "_step": 2000, "Rollout/Return/Lifteither": 0.62, "Rollout/Return/Lifteither/mean": 0.438, "Rollout/Return/Lifteither/std": 0.26873034811870433, "Rollout/Return/Lifteither/min": 0.0, "Rollout/Return/Lifteither/max": 0.92, "Rollout/Horizon/Lifteither": 320.94, "Rollout/Horizon/Lifteither/mean": 345.419, "Rollout/Horizon/Lifteither/std": 40.63639426671614, "Rollout/Horizon/Lifteither/min": 260.28, "Rollout/Horizon/Lifteither/max": 400.0, "Rollout/Success_Rate/Lifteither": 0.62, "Rollout/Success_Rate/Lifteither/mean": 0.438, "Rollout/Success_Rate/Lifteither/std": 0.26873034811870433, "Rollout/Success_Rate/Lifteither/min": 0.0, "Rollout/Success_Rate/Lifteither/max": 0.92, "Rollout/time/Lifteither": 2.89730215549469, "Rollout/time/Lifteither/mean": 3.056356280088425, "Rollout/time/Lifteither/std": 0.27104151631939954, "Rollout/time/Lifteither/min": 2.4882520627975464, "Rollout/time/Lifteither/max": 3.4709154558181763, "Timing_Stats/Rollout_Lifteither_Episode": 2.414418462912242, "rollout video": {"_type": "video-file", "sha256": "e5f3c790dfae004b86c26f4a2359c24d8da622c3e08336f53b0888373cdd05b2", "size": 3480930, "path": "media/videos/rollout video_2000_e5f3c790dfae004b86c2.mp4"}, "_wandb": {"runtime": 7570}}