{"Train/Planner/Optimizer/goal_network0_lr": 0.0001, "_timestamp": 1720499634.601606, "Train/Planner/Loss": 0.0051538800925482065, "Train/Planner/recons_loss": 1.2200488672533538e-05, "Train/Planner/kl_loss": 0.0005141679616644979, "Train/Planner/goal_loss": 0.0051538800925482065, "Train/Planner/Grad_Norms": 42.80396233640758, "Train/Planner/Reconstruction_Loss": 1.2200488672533538e-05, "Train/Planner/KL_Loss": 0.0005141679616644979, "Train/Planner/Encoder_Variance": 0.9851855725049973, "Train/Actor/Optimizer/policy0_lr": 0.0001, "Train/Actor/Loss": 0.0010694165203312877, "Train/Actor/L2_Loss": 0.0010694165203312877, "Train/Actor/L1_Loss": 0.00045469802244042513, "Train/Actor/Cosine_Loss": 0.15595133021473884, "Train/Actor/Policy_Grad_Norms": 0.09671510367176225, "Train/Loss": 0.006223296612879494, "Timing_Stats/Train_Data_Loading": 0.002618865172068278, "Timing_Stats/Train_Process_Batch": 0.0007680416107177735, "Timing_Stats/Train_Train_Batch": 0.011497116088867188, "Timing_Stats/Train_Log_Info": 0.0004603266716003418, "Timing_Stats/Train_Epoch": 0.015398569901784261, "System/RAM Usage (MB)": 3168, "_runtime": 8662.488442897797, "_step": 2000, "Rollout/Return/Lifteither": 0.12, "Rollout/Return/Lifteither/mean": 0.161, "Rollout/Return/Lifteither/std": 0.0891010662113535, "Rollout/Return/Lifteither/min": 0.0, "Rollout/Return/Lifteither/max": 0.34, "Rollout/Horizon/Lifteither": 383.58, "Rollout/Horizon/Lifteither/mean": 377.8185, "Rollout/Horizon/Lifteither/std": 13.349182287690885, "Rollout/Horizon/Lifteither/min": 347.34, "Rollout/Horizon/Lifteither/max": 400.0, "Rollout/Success_Rate/Lifteither": 0.12, "Rollout/Success_Rate/Lifteither/mean": 0.161, "Rollout/Success_Rate/Lifteither/std": 0.0891010662113535, "Rollout/Success_Rate/Lifteither/min": 0.0, "Rollout/Success_Rate/Lifteither/max": 0.34, "Rollout/time/Lifteither": 3.371629362106323, "Rollout/time/Lifteither/mean": 3.3950315593481064, "Rollout/time/Lifteither/std": 0.09258749913834878, "Rollout/time/Lifteither/min": 3.1735259819030763, "Rollout/time/Lifteither/max": 3.5482578897476196, "Timing_Stats/Rollout_Lifteither_Episode": 2.809691135088603, "rollout video": {"_type": "video-file", "sha256": "c30a512ae727a056547121f7c8884f347deb3786a0116461e4b86d5cfdb289b8", "size": 6095995, "path": "media/videos/rollout video_2000_c30a512ae727a0565471.mp4"}, "_wandb": {"runtime": 8662}}