{"Train/Planner/Optimizer/goal_network0_lr": 0.0001, "_timestamp": 1719632621.486488, "Train/Planner/Loss": 2.5878976816784414e-06, "Train/Planner/recons_loss": 2.5039296406248467e-06, "Train/Planner/kl_loss": 8.396804147992043e-08, "Train/Planner/goal_loss": 2.5878976816784414e-06, "Train/Planner/Grad_Norms": 1.0739340192928577e-06, "Train/Planner/Reconstruction_Loss": 2.5039296406248467e-06, "Train/Planner/KL_Loss": 8.396804147992043e-08, "Train/Planner/Encoder_Variance": 0.9999998533725738, "Train/Actor/Optimizer/policy0_lr": 0.0001, "Train/Actor/Loss": 0.0003372449004837108, "Train/Actor/L2_Loss": 0.0003372449004837108, "Train/Actor/L1_Loss": 0.00015037480322007467, "Train/Actor/Cosine_Loss": 0.08295316640287638, "Train/Actor/Policy_Grad_Norms": 0.016729953059037732, "Train/Loss": 0.00033983279816538923, "Timing_Stats/Train_Data_Loading": 0.0023287534713745117, "Timing_Stats/Train_Process_Batch": 0.0006727814674377441, "Timing_Stats/Train_Train_Batch": 0.008194549878438314, "Timing_Stats/Train_Log_Info": 0.0005289196968078613, "Timing_Stats/Train_Epoch": 0.011765742301940918, "System/RAM Usage (MB)": 1755, "_runtime": 8966.79673409462, "_step": 2000, "Rollout/Return/Lifteither": 0.08, "Rollout/Return/Lifteither/mean": 0.0355, "Rollout/Return/Lifteither/std": 0.03591308953571107, "Rollout/Return/Lifteither/min": 0.0, "Rollout/Return/Lifteither/max": 0.12, "Rollout/Horizon/Lifteither": 388.86, "Rollout/Horizon/Lifteither/mean": 395.53, "Rollout/Horizon/Lifteither/std": 4.98340044547897, "Rollout/Horizon/Lifteither/min": 379.06, "Rollout/Horizon/Lifteither/max": 400.0, "Rollout/Success_Rate/Lifteither": 0.08, "Rollout/Success_Rate/Lifteither/mean": 0.0355, "Rollout/Success_Rate/Lifteither/std": 0.03591308953571107, "Rollout/Success_Rate/Lifteither/min": 0.0, "Rollout/Success_Rate/Lifteither/max": 0.12, "Rollout/time/Lifteither": 3.29863676071167, "Rollout/time/Lifteither/mean": 3.5669686630964277, "Rollout/time/Lifteither/std": 0.16073471965942138, "Rollout/time/Lifteither/min": 3.2827798891067506, "Rollout/time/Lifteither/max": 3.7334816598892213, "Timing_Stats/Rollout_Lifteither_Episode": 2.748863967259725, "rollout video": {"_type": "video-file", "sha256": "57570a930156471cfd8d56ae44509c84ce830dfa89cac08bd3b79d0e06756785", "size": 3214412, "path": "media/videos/rollout video_2000_57570a930156471cfd8d.mp4"}, "_wandb": {"runtime": 8966}}