{"Train/Planner/Optimizer/goal_network0_lr": 0.0001, "_timestamp": 1720044629.3023884, "Train/Planner/Loss": 2.2812160941612093e-05, "Train/Planner/recons_loss": 2.1960589347145287e-05, "Train/Planner/kl_loss": 8.515715421708592e-08, "Train/Planner/goal_loss": 2.2812160941612093e-05, "Train/Planner/Grad_Norms": 4.841683891448622e-06, "Train/Planner/Reconstruction_Loss": 2.1960589347145287e-05, "Train/Planner/KL_Loss": 8.515715421708592e-08, "Train/Planner/Encoder_Variance": 0.9999999457597732, "Train/Actor/Optimizer/policy0_lr": 0.0001, "Train/Actor/Loss": 0.00035182316494683616, "Train/Actor/L2_Loss": 0.00035182316494683616, "Train/Actor/L1_Loss": 0.00015188577351182175, "Train/Actor/Cosine_Loss": 0.12189358174800873, "Train/Actor/Policy_Grad_Norms": 0.06002805123638897, "Train/Loss": 0.0003746353258884483, "Timing_Stats/Train_Data_Loading": 0.002929798762003581, "Timing_Stats/Train_Process_Batch": 0.0009285608927408854, "Timing_Stats/Train_Train_Batch": 0.014309271176656087, "Timing_Stats/Train_Log_Info": 0.00046575069427490234, "Timing_Stats/Train_Epoch": 0.018689092000325522, "System/RAM Usage (MB)": 2491, "_runtime": 10901.24072933197, "_step": 2000, "Rollout/Return/Lifteither": 0.0, "Rollout/Return/Lifteither/mean": 0.128, "Rollout/Return/Lifteither/std": 0.15111584959890872, "Rollout/Return/Lifteither/min": 0.0, "Rollout/Return/Lifteither/max": 0.56, "Rollout/Horizon/Lifteither": 400.0, "Rollout/Horizon/Lifteither/mean": 379.56, "Rollout/Horizon/Lifteither/std": 25.250660981447595, "Rollout/Horizon/Lifteither/min": 300.18, "Rollout/Horizon/Lifteither/max": 400.0, "Rollout/Success_Rate/Lifteither": 0.0, "Rollout/Success_Rate/Lifteither/mean": 0.128, "Rollout/Success_Rate/Lifteither/std": 0.15111584959890872, "Rollout/Success_Rate/Lifteither/min": 0.0, "Rollout/Success_Rate/Lifteither/max": 0.56, "Rollout/time/Lifteither": 3.4929731273651123, "Rollout/time/Lifteither/mean": 3.973034748911858, "Rollout/time/Lifteither/std": 0.3899937564946568, "Rollout/time/Lifteither/min": 3.2448069143295286, "Rollout/time/Lifteither/max": 4.499761753082275, "Timing_Stats/Rollout_Lifteither_Episode": 2.910810939470927, "rollout video": {"_type": "video-file", "sha256": "209c6faabb834bc69c6cca25e70b415805dc05952ae9aa19ecb428f597a8cdf5", "size": 3321634, "path": "media/videos/rollout video_2000_209c6faabb834bc69c6c.mp4"}, "_wandb": {"runtime": 10900}}