{"Train/Planner/Optimizer/goal_network0_lr": 0.0001, "_timestamp": 1720303950.2008638, "Train/Planner/Loss": 3.505306051010848e-05, "Train/Planner/recons_loss": 3.417618696403224e-05, "Train/Planner/kl_loss": 8.768737110642632e-08, "Train/Planner/goal_loss": 3.505306051010848e-05, "Train/Planner/Grad_Norms": 6.753688345103384e-06, "Train/Planner/Reconstruction_Loss": 3.417618696403224e-05, "Train/Planner/KL_Loss": 8.768737110642632e-08, "Train/Planner/Encoder_Variance": 0.9999999618530273, "Train/Actor/Optimizer/policy0_lr": 0.0001, "Train/Actor/Loss": 0.0006470020368578844, "Train/Actor/L2_Loss": 0.0006470020368578844, "Train/Actor/L1_Loss": 0.0002546255816923804, "Train/Actor/Cosine_Loss": 0.10444240763783455, "Train/Actor/Policy_Grad_Norms": 0.0069422866081669254, "Train/Loss": 0.0006820550973679929, "Timing_Stats/Train_Data_Loading": 0.0032409985860188803, "Timing_Stats/Train_Process_Batch": 0.0011767864227294922, "Timing_Stats/Train_Train_Batch": 0.02631420691808065, "Timing_Stats/Train_Log_Info": 0.0005204598108927409, "Timing_Stats/Train_Epoch": 0.031330454349517825, "System/RAM Usage (MB)": 4667, "_runtime": 10446.331070899963, "_step": 2000, "Rollout/Return/Lifteither": 0.54, "Rollout/Return/Lifteither/mean": 0.6154999999999999, "Rollout/Return/Lifteither/std": 0.24349486647566107, "Rollout/Return/Lifteither/min": 0.0, "Rollout/Return/Lifteither/max": 0.96, "Rollout/Horizon/Lifteither": 307.1, "Rollout/Horizon/Lifteither/mean": 300.78099999999995, "Rollout/Horizon/Lifteither/std": 45.98868142271531, "Rollout/Horizon/Lifteither/min": 227.96, "Rollout/Horizon/Lifteither/max": 400.0, "Rollout/Success_Rate/Lifteither": 0.54, "Rollout/Success_Rate/Lifteither/mean": 0.6154999999999999, "Rollout/Success_Rate/Lifteither/std": 0.24349486647566107, "Rollout/Success_Rate/Lifteither/min": 0.0, "Rollout/Success_Rate/Lifteither/max": 0.96, "Rollout/time/Lifteither": 3.3211661863327024, "Rollout/time/Lifteither/mean": 3.1125141413211823, "Rollout/time/Lifteither/std": 0.3520162289750417, "Rollout/time/Lifteither/min": 2.5912457656860353, "Rollout/time/Lifteither/max": 3.9298906755447387, "Timing_Stats/Rollout_Lifteither_Episode": 2.7676384886105856, "rollout video": {"_type": "video-file", "sha256": "99c37a404b77f82114bad96166cc5087433c93ff43c91e7190c7506764cdba83", "size": 4463153, "path": "media/videos/rollout video_2000_99c37a404b77f82114ba.mp4"}, "_wandb": {"runtime": 10445}}