{"Train/Planner/Optimizer/goal_network0_lr": 0.0001, "_timestamp": 1719629872.8829372, "Train/Planner/Loss": 3.3007848924171413e-06, "Train/Planner/recons_loss": 3.214134649169864e-06, "Train/Planner/kl_loss": 8.665025056586729e-08, "Train/Planner/goal_loss": 3.3007848924171413e-06, "Train/Planner/Grad_Norms": 1.056844661118184e-06, "Train/Planner/Reconstruction_Loss": 3.214134649169864e-06, "Train/Planner/KL_Loss": 8.665025056586729e-08, "Train/Planner/Encoder_Variance": 0.9999999880790711, "Train/Actor/Optimizer/policy0_lr": 0.0001, "Train/Actor/Loss": 0.0009470170879649231, "Train/Actor/L2_Loss": 0.0009470170879649231, "Train/Actor/L1_Loss": 0.000414459649946366, "Train/Actor/Cosine_Loss": 0.23600529819726945, "Train/Actor/Policy_Grad_Norms": 0.012447226578969506, "Train/Loss": 0.0009503178728573402, "Timing_Stats/Train_Data_Loading": 0.002454260985056559, "Timing_Stats/Train_Process_Batch": 0.000908811887105306, "Timing_Stats/Train_Train_Batch": 0.011063663164774577, "Timing_Stats/Train_Log_Info": 0.0006751775741577149, "Timing_Stats/Train_Epoch": 0.015154353777567546, "System/RAM Usage (MB)": 1774, "_runtime": 8263.180749177933, "_step": 2000, "Rollout/Return/Lifteither": 0.68, "Rollout/Return/Lifteither/mean": 0.4595000000000001, "Rollout/Return/Lifteither/std": 0.27009211391671545, "Rollout/Return/Lifteither/min": 0.0, "Rollout/Return/Lifteither/max": 0.8, "Rollout/Horizon/Lifteither": 317.5, "Rollout/Horizon/Lifteither/mean": 343.181, "Rollout/Horizon/Lifteither/std": 38.70246760866805, "Rollout/Horizon/Lifteither/min": 261.62, "Rollout/Horizon/Lifteither/max": 400.0, "Rollout/Success_Rate/Lifteither": 0.68, "Rollout/Success_Rate/Lifteither/mean": 0.4595000000000001, "Rollout/Success_Rate/Lifteither/std": 0.27009211391671545, "Rollout/Success_Rate/Lifteither/min": 0.0, "Rollout/Success_Rate/Lifteither/max": 0.8, "Rollout/time/Lifteither": 3.0902850437164306, "Rollout/time/Lifteither/mean": 3.1992647569179535, "Rollout/time/Lifteither/std": 0.24750518133454322, "Rollout/time/Lifteither/min": 2.6663114166259767, "Rollout/time/Lifteither/max": 3.635542640686035, "Timing_Stats/Rollout_Lifteither_Episode": 2.575237536430359, "rollout video": {"_type": "video-file", "sha256": "64139a1a1d6253e63a64e53dd3da9584445279358ae90265a35aae44d6819d48", "size": 3802910, "path": "media/videos/rollout video_2000_64139a1a1d6253e63a64.mp4"}, "_wandb": {"runtime": 8262}}