{"Train/Planner/Optimizer/goal_network0_lr": 0.0001, "_timestamp": 1720253988.3739426, "Train/Planner/Loss": 0.0002812629140680656, "Train/Planner/recons_loss": 4.844211671297671e-06, "Train/Planner/kl_loss": 2.7641869519356987e-05, "Train/Planner/goal_loss": 0.0002812629140680656, "Train/Planner/Grad_Norms": 38.87620027155434, "Train/Planner/Reconstruction_Loss": 4.844211671297671e-06, "Train/Planner/KL_Loss": 2.7641869519356987e-05, "Train/Planner/Encoder_Variance": 0.9983600336313248, "Train/Actor/Optimizer/policy0_lr": 0.0001, "Train/Actor/Loss": 0.00011905983954420663, "Train/Actor/L2_Loss": 0.00011905983954420663, "Train/Actor/L1_Loss": 5.204636022426712e-05, "Train/Actor/Cosine_Loss": 0.08200247455388307, "Train/Actor/Policy_Grad_Norms": 0.006231910655715076, "Train/Loss": 0.0004003227536122722, "Timing_Stats/Train_Data_Loading": 0.00313263734181722, "Timing_Stats/Train_Process_Batch": 0.0010950247446695964, "Timing_Stats/Train_Train_Batch": 0.02386302947998047, "Timing_Stats/Train_Log_Info": 0.000450742244720459, "Timing_Stats/Train_Epoch": 0.02861507733662923, "System/RAM Usage (MB)": 3320, "_runtime": 9808.99373459816, "_step": 2000, "Rollout/Return/Lifteither": 0.08, "Rollout/Return/Lifteither/mean": 0.229, "Rollout/Return/Lifteither/std": 0.16260073800570526, "Rollout/Return/Lifteither/min": 0.0, "Rollout/Return/Lifteither/max": 0.66, "Rollout/Horizon/Lifteither": 386.64, "Rollout/Horizon/Lifteither/mean": 364.00199999999995, "Rollout/Horizon/Lifteither/std": 26.240794119081073, "Rollout/Horizon/Lifteither/min": 284.06, "Rollout/Horizon/Lifteither/max": 400.0, "Rollout/Success_Rate/Lifteither": 0.08, "Rollout/Success_Rate/Lifteither/mean": 0.229, "Rollout/Success_Rate/Lifteither/std": 0.16260073800570526, "Rollout/Success_Rate/Lifteither/min": 0.0, "Rollout/Success_Rate/Lifteither/max": 0.66, "Rollout/time/Lifteither": 3.3221331024169922, "Rollout/time/Lifteither/mean": 3.1727233427762984, "Rollout/time/Lifteither/std": 0.18080381345603044, "Rollout/time/Lifteither/min": 2.6700312328338622, "Rollout/time/Lifteither/max": 3.465814108848572, "Timing_Stats/Rollout_Lifteither_Episode": 2.7684442520141603, "rollout video": {"_type": "video-file", "sha256": "28424ce87a8c567e8c6e5811b80c9beb4e758c46a0b821b35e88593c3feb1d3e", "size": 2759711, "path": "media/videos/rollout video_2000_28424ce87a8c567e8c6e.mp4"}, "_wandb": {"runtime": 9808}}