{"Train/Planner/Optimizer/goal_network0_lr": 0.0001, "_timestamp": 1720751070.1376336, "Train/Planner/Loss": 1.1385141019673029e-05, "Train/Planner/recons_loss": 1.0983420806951472e-05, "Train/Planner/kl_loss": 0.0008034402735847834, "Train/Planner/goal_loss": 1.1385141019673029e-05, "Train/Planner/Grad_Norms": 3.645985562764557e-06, "Train/Planner/Reconstruction_Loss": 1.0983420806951472e-05, "Train/Planner/KL_Loss": 0.0008034402735847834, "Train/Planner/Encoder_Variance": 0.8786757165193557, "Train/Actor/Optimizer/policy0_lr": 0.0001, "Train/Actor/Loss": 0.00031187447792035527, "Train/Actor/L2_Loss": 0.00031187447792035527, "Train/Actor/L1_Loss": 0.00013598175555671333, "Train/Actor/Cosine_Loss": 0.19141749508678912, "Train/Actor/Policy_Grad_Norms": 0.005670261203403868, "Train/Loss": 0.0003232596189400283, "Timing_Stats/Train_Data_Loading": 0.0025766809781392415, "Timing_Stats/Train_Process_Batch": 0.0007894396781921387, "Timing_Stats/Train_Train_Batch": 0.015347707271575927, "Timing_Stats/Train_Log_Info": 0.0004616697629292806, "Timing_Stats/Train_Epoch": 0.019241305192311604, "System/RAM Usage (MB)": 1880, "_runtime": 3642.2483925819397, "_step": 2000, "Rollout/Return/Lifteither": 0.0, "Rollout/Return/Lifteither/mean": 0.1525, "Rollout/Return/Lifteither/std": 0.144892201308421, "Rollout/Return/Lifteither/min": 0.0, "Rollout/Return/Lifteither/max": 0.5, "Rollout/Horizon/Lifteither": 400.0, "Rollout/Horizon/Lifteither/mean": 369.78000000000003, "Rollout/Horizon/Lifteither/std": 29.15736785102523, "Rollout/Horizon/Lifteither/min": 275.1, "Rollout/Horizon/Lifteither/max": 400.0, "Rollout/Success_Rate/Lifteither": 0.0, "Rollout/Success_Rate/Lifteither/mean": 0.1525, "Rollout/Success_Rate/Lifteither/std": 0.144892201308421, "Rollout/Success_Rate/Lifteither/min": 0.0, "Rollout/Success_Rate/Lifteither/max": 0.5, "Rollout/time/Lifteither": 3.4202561140060426, "Rollout/time/Lifteither/mean": 3.212440239787102, "Rollout/time/Lifteither/std": 0.18844370717451314, "Rollout/time/Lifteither/min": 2.592747759819031, "Rollout/time/Lifteither/max": 3.4580313205718993, "Timing_Stats/Rollout_Lifteither_Episode": 0.5700426856676738, "rollout video": {"_type": "video-file", "sha256": "f8c71df024941c31cd1b39631736d4618df5efe3a8e9ad4f8fc503845b2dd142", "size": 947706, "path": "media/videos/rollout video_2000_f8c71df024941c31cd1b.mp4"}, "_wandb": {"runtime": 3641}}