{"Train/Planner/Optimizer/goal_network0_lr": 0.0001, "_timestamp": 1719562726.9969904, "Train/Planner/Loss": 1.13545939893811e-05, "Train/Planner/recons_loss": 1.1270327840975369e-05, "Train/Planner/kl_loss": 8.426606456168883e-08, "Train/Planner/goal_loss": 1.13545939893811e-05, "Train/Planner/Grad_Norms": 2.7998686248168097e-06, "Train/Planner/Reconstruction_Loss": 1.1270327840975369e-05, "Train/Planner/KL_Loss": 8.426606456168883e-08, "Train/Planner/Encoder_Variance": 1.0000000578165054, "Train/Actor/Optimizer/policy0_lr": 0.0001, "Train/Actor/Loss": 0.001118872985971393, "Train/Actor/L2_Loss": 0.001118872985971393, "Train/Actor/L1_Loss": 0.0004925500717217801, "Train/Actor/Cosine_Loss": 0.24414049103856086, "Train/Actor/Policy_Grad_Norms": 0.029940802575666618, "Train/Loss": 0.0011302275799607742, "Timing_Stats/Train_Data_Loading": 0.0025194923082987467, "Timing_Stats/Train_Process_Batch": 0.004927325248718262, "Timing_Stats/Train_Train_Batch": 0.015578810373942058, "Timing_Stats/Train_Log_Info": 0.0013108213742574057, "Timing_Stats/Train_Epoch": 0.024403492609659832, "System/RAM Usage (MB)": 2257, "_runtime": 8404.146762371063, "_step": 2000, "Rollout/Return/Lifteither": 0.1, "Rollout/Return/Lifteither/mean": 0.14750000000000002, "Rollout/Return/Lifteither/std": 0.12749019570147346, "Rollout/Return/Lifteither/min": 0.0, "Rollout/Return/Lifteither/max": 0.52, "Rollout/Horizon/Lifteither": 383.24, "Rollout/Horizon/Lifteither/mean": 381.66049999999996, "Rollout/Horizon/Lifteither/std": 14.624877768719987, "Rollout/Horizon/Lifteither/min": 335.26, "Rollout/Horizon/Lifteither/max": 400.0, "Rollout/Success_Rate/Lifteither": 0.1, "Rollout/Success_Rate/Lifteither/mean": 0.14750000000000002, "Rollout/Success_Rate/Lifteither/std": 0.12749019570147346, "Rollout/Success_Rate/Lifteither/min": 0.0, "Rollout/Success_Rate/Lifteither/max": 0.52, "Rollout/time/Lifteither": 3.5407158517837525, "Rollout/time/Lifteither/mean": 3.3375157427787783, "Rollout/time/Lifteither/std": 0.1703817536056132, "Rollout/time/Lifteither/min": 2.9644034719467163, "Rollout/time/Lifteither/max": 3.653725852966309, "Timing_Stats/Rollout_Lifteither_Episode": 2.950596543153127, "_wandb": {"runtime": 8403}}