{"Train/Planner/Optimizer/goal_network0_lr": 0.0001, "_timestamp": 1720042175.5958624, "Train/Planner/Loss": 1.3381767530518118e-05, "Train/Planner/recons_loss": 1.2531298689282266e-05, "Train/Planner/kl_loss": 8.504688548072181e-08, "Train/Planner/goal_loss": 1.3381767530518118e-05, "Train/Planner/Grad_Norms": 3.649837372575581e-06, "Train/Planner/Reconstruction_Loss": 1.2531298689282266e-05, "Train/Planner/KL_Loss": 8.504688548072181e-08, "Train/Planner/Encoder_Variance": 0.9999999624490737, "Train/Actor/Optimizer/policy0_lr": 0.0001, "Train/Actor/Loss": 0.0004307816497021122, "Train/Actor/L2_Loss": 0.0004307816497021122, "Train/Actor/L1_Loss": 0.0001754908986549708, "Train/Actor/Cosine_Loss": 0.13368538811802863, "Train/Actor/Policy_Grad_Norms": 0.013772679307946865, "Train/Loss": 0.0004441634172326303, "Timing_Stats/Train_Data_Loading": 0.002752391497294108, "Timing_Stats/Train_Process_Batch": 0.0009276827176411946, "Timing_Stats/Train_Train_Batch": 0.01766212781270345, "Timing_Stats/Train_Log_Info": 0.0005514184633890788, "Timing_Stats/Train_Epoch": 0.021965094407399497, "System/RAM Usage (MB)": 2282, "_runtime": 10809.577052354813, "_step": 2000, "Rollout/Return/Lifteither": 0.06, "Rollout/Return/Lifteither/mean": 0.0995, "Rollout/Return/Lifteither/std": 0.10094429156718074, "Rollout/Return/Lifteither/min": 0.0, "Rollout/Return/Lifteither/max": 0.4, "Rollout/Horizon/Lifteither": 389.08, "Rollout/Horizon/Lifteither/mean": 385.2875, "Rollout/Horizon/Lifteither/std": 15.887464044019106, "Rollout/Horizon/Lifteither/min": 330.74, "Rollout/Horizon/Lifteither/max": 400.0, "Rollout/Success_Rate/Lifteither": 0.06, "Rollout/Success_Rate/Lifteither/mean": 0.0995, "Rollout/Success_Rate/Lifteither/std": 0.10094429156718074, "Rollout/Success_Rate/Lifteither/min": 0.0, "Rollout/Success_Rate/Lifteither/max": 0.4, "Rollout/time/Lifteither": 4.375123734474182, "Rollout/time/Lifteither/mean": 4.135688650250435, "Rollout/time/Lifteither/std": 0.4228681545150471, "Rollout/time/Lifteither/min": 3.235711135864258, "Rollout/time/Lifteither/max": 4.523584208488464, "Timing_Stats/Rollout_Lifteither_Episode": 3.6459364453951517, "rollout video": {"_type": "video-file", "sha256": "66da5a9044f05fccf31f6af5d2545d23566a1467da19e2bd3ddc05c8056cdec7", "size": 5702135, "path": "media/videos/rollout video_2000_66da5a9044f05fccf31f.mp4"}, "_wandb": {"runtime": 10809}}