{"Train/Planner/Optimizer/goal_network0_lr": 0.0001, "_timestamp": 1719968708.9851584, "Train/Planner/Loss": 2.944083347756532e-05, "Train/Planner/recons_loss": 2.860201745534141e-05, "Train/Planner/kl_loss": 8.38816141879306e-08, "Train/Planner/goal_loss": 2.944083347756532e-05, "Train/Planner/Grad_Norms": 2.425085000652503e-05, "Train/Planner/Reconstruction_Loss": 2.860201745534141e-05, "Train/Planner/KL_Loss": 8.38816141879306e-08, "Train/Planner/Encoder_Variance": 0.999999824166298, "Train/Actor/Optimizer/policy0_lr": 0.0001, "Train/Actor/Loss": 0.00011082614237238886, "Train/Actor/L2_Loss": 0.00011082614237238886, "Train/Actor/L1_Loss": 4.9236529539484765e-05, "Train/Actor/Cosine_Loss": 0.14639011733233928, "Train/Actor/Policy_Grad_Norms": 0.002873333103134046, "Train/Loss": 0.00014026697584995418, "Timing_Stats/Train_Data_Loading": 0.003479111194610596, "Timing_Stats/Train_Process_Batch": 0.007448728879292806, "Timing_Stats/Train_Train_Batch": 0.04858629703521729, "Timing_Stats/Train_Log_Info": 0.0009359876314798991, "Timing_Stats/Train_Epoch": 0.06060547828674316, "System/RAM Usage (MB)": 2180, "_runtime": 22002.725526332855, "_step": 2000, "Rollout/Return/Lifteither": 0.3, "Rollout/Return/Lifteither/mean": 0.34950000000000003, "Rollout/Return/Lifteither/std": 0.20966580550962524, "Rollout/Return/Lifteither/min": 0.0, "Rollout/Return/Lifteither/max": 0.64, "Rollout/Horizon/Lifteither": 352.22, "Rollout/Horizon/Lifteither/mean": 344.45, "Rollout/Horizon/Lifteither/std": 33.82417626491442, "Rollout/Horizon/Lifteither/min": 287.82, "Rollout/Horizon/Lifteither/max": 400.0, "Rollout/Success_Rate/Lifteither": 0.3, "Rollout/Success_Rate/Lifteither/mean": 0.34950000000000003, "Rollout/Success_Rate/Lifteither/std": 0.20966580550962524, "Rollout/Success_Rate/Lifteither/min": 0.0, "Rollout/Success_Rate/Lifteither/max": 0.64, "Rollout/time/Lifteither": 5.948389444351196, "Rollout/time/Lifteither/mean": 6.151586889743806, "Rollout/time/Lifteither/std": 0.5860831801216103, "Rollout/time/Lifteither/min": 4.947318329811096, "Rollout/time/Lifteither/max": 7.4587465047836305, "Timing_Stats/Rollout_Lifteither_Episode": 4.956991203625997, "rollout video": {"_type": "video-file", "sha256": "041ba0155edfaaecb1d36d2ffa7411d5ec9d397daafba571559d29c1cb6b97d8", "size": 4155080, "path": "media/videos/rollout video_2000_041ba0155edfaaecb1d3.mp4"}, "_wandb": {"runtime": 22002}}