{"Train/Planner/Optimizer/goal_network0_lr": 0.0001, "_timestamp": 1720331526.4682124, "Train/Planner/Loss": 0.0009950172426761129, "Train/Planner/recons_loss": 1.9381503834665635e-05, "Train/Planner/kl_loss": 9.756355364515912e-05, "Train/Planner/goal_loss": 0.0009950172426761129, "Train/Planner/Grad_Norms": 26.59927464986023, "Train/Planner/Reconstruction_Loss": 1.9381503834665635e-05, "Train/Planner/KL_Loss": 9.756355364515912e-05, "Train/Planner/Encoder_Variance": 0.9924398225545883, "Train/Actor/Optimizer/policy0_lr": 0.0001, "Train/Actor/Loss": 0.0005201623143148026, "Train/Actor/L2_Loss": 0.0005201623143148026, "Train/Actor/L1_Loss": 0.0002217566161380091, "Train/Actor/Cosine_Loss": 0.15692917875945567, "Train/Actor/Policy_Grad_Norms": 0.019657791959819395, "Train/Loss": 0.0015151795569909154, "Timing_Stats/Train_Data_Loading": 0.002704437573750814, "Timing_Stats/Train_Process_Batch": 0.0008426189422607421, "Timing_Stats/Train_Train_Batch": 0.013104669253031413, "Timing_Stats/Train_Log_Info": 0.0004286964734395345, "Timing_Stats/Train_Epoch": 0.017138747374216716, "System/RAM Usage (MB)": 2841, "_runtime": 8384.066056251526, "_step": 2000, "Rollout/Return/Lifteither": 0.34, "Rollout/Return/Lifteither/mean": 0.39699999999999996, "Rollout/Return/Lifteither/std": 0.15934553649224067, "Rollout/Return/Lifteither/min": 0.0, "Rollout/Return/Lifteither/max": 0.64, "Rollout/Horizon/Lifteither": 332.52, "Rollout/Horizon/Lifteither/mean": 341.4415, "Rollout/Horizon/Lifteither/std": 24.941858947359954, "Rollout/Horizon/Lifteither/min": 304.22, "Rollout/Horizon/Lifteither/max": 400.0, "Rollout/Success_Rate/Lifteither": 0.34, "Rollout/Success_Rate/Lifteither/mean": 0.39699999999999996, "Rollout/Success_Rate/Lifteither/std": 0.15934553649224067, "Rollout/Success_Rate/Lifteither/min": 0.0, "Rollout/Success_Rate/Lifteither/max": 0.64, "Rollout/time/Lifteither": 3.089013156890869, "Rollout/time/Lifteither/mean": 3.1616808723211287, "Rollout/time/Lifteither/std": 0.18162775387780983, "Rollout/time/Lifteither/min": 2.915085892677307, "Rollout/time/Lifteither/max": 3.619298005104065, "Timing_Stats/Rollout_Lifteither_Episode": 2.574177630742391, "rollout video": {"_type": "video-file", "sha256": "f5ab1d373ccc5f449103754d31261018eb96f1b6e071d022a24ff8c1e136bffa", "size": 5007186, "path": "media/videos/rollout video_2000_f5ab1d373ccc5f449103.mp4"}, "_wandb": {"runtime": 8383}}