{"Train/Planner/Optimizer/goal_network0_lr": 0.0001, "_timestamp": 1719568045.9571302, "Train/Planner/Loss": 7.692104904890584e-06, "Train/Planner/recons_loss": 7.605922564835055e-06, "Train/Planner/kl_loss": 8.618235419532994e-08, "Train/Planner/goal_loss": 7.692104904890584e-06, "Train/Planner/Grad_Norms": 2.0699277102824086e-06, "Train/Planner/Reconstruction_Loss": 7.605922564835055e-06, "Train/Planner/KL_Loss": 8.618235419532994e-08, "Train/Planner/Encoder_Variance": 0.9999999582767487, "Train/Actor/Optimizer/policy0_lr": 0.0001, "Train/Actor/Loss": 0.0009843448508763686, "Train/Actor/L2_Loss": 0.0009843448508763686, "Train/Actor/L1_Loss": 0.0004332002766022924, "Train/Actor/Cosine_Loss": 0.23496607460081578, "Train/Actor/Policy_Grad_Norms": 0.016670284633872292, "Train/Loss": 0.0009920369557812592, "Timing_Stats/Train_Data_Loading": 0.0023245930671691893, "Timing_Stats/Train_Process_Batch": 0.0006552815437316894, "Timing_Stats/Train_Train_Batch": 0.008340013027191163, "Timing_Stats/Train_Log_Info": 0.000507513682047526, "Timing_Stats/Train_Epoch": 0.01186676820119222, "System/RAM Usage (MB)": 1837, "_runtime": 7945.852928161621, "_step": 2000, "Rollout/Return/Lifteither": 0.58, "Rollout/Return/Lifteither/mean": 0.398, "Rollout/Return/Lifteither/std": 0.27523807876091566, "Rollout/Return/Lifteither/min": 0.0, "Rollout/Return/Lifteither/max": 0.88, "Rollout/Horizon/Lifteither": 335.06, "Rollout/Horizon/Lifteither/mean": 354.0965, "Rollout/Horizon/Lifteither/std": 37.790881410070334, "Rollout/Horizon/Lifteither/min": 269.74, "Rollout/Horizon/Lifteither/max": 400.0, "Rollout/Success_Rate/Lifteither": 0.58, "Rollout/Success_Rate/Lifteither/mean": 0.398, "Rollout/Success_Rate/Lifteither/std": 0.27523807876091566, "Rollout/Success_Rate/Lifteither/min": 0.0, "Rollout/Success_Rate/Lifteither/max": 0.88, "Rollout/time/Lifteither": 2.9131647396087645, "Rollout/time/Lifteither/mean": 3.1288868484497074, "Rollout/time/Lifteither/std": 0.3562658454045518, "Rollout/time/Lifteither/min": 2.514586682319641, "Rollout/time/Lifteither/max": 3.7271487379074095, "Timing_Stats/Rollout_Lifteither_Episode": 2.427637283007304, "_wandb": {"runtime": 7945}}