{"Train/Planner/Optimizer/goal_network0_lr": 0.0001, "_timestamp": 1719916282.407983, "Train/Planner/Loss": 8.24951668982976e-05, "Train/Planner/recons_loss": 8.240712217229885e-05, "Train/Planner/kl_loss": 8.80449987761267e-08, "Train/Planner/goal_loss": 8.24951668982976e-05, "Train/Planner/Grad_Norms": 1.1477975945563182e-05, "Train/Planner/Reconstruction_Loss": 8.240712217229885e-05, "Train/Planner/KL_Loss": 8.80449987761267e-08, "Train/Planner/Encoder_Variance": 0.9999997156858444, "Train/Actor/Optimizer/policy0_lr": 0.0001, "Train/Actor/Loss": 0.0003041874829432345, "Train/Actor/L2_Loss": 0.0003041874829432345, "Train/Actor/L1_Loss": 0.00013780574137854274, "Train/Actor/Cosine_Loss": 0.03765429459512234, "Train/Actor/Policy_Grad_Norms": 0.013210799165847522, "Train/Loss": 0.0003866826498415321, "Timing_Stats/Train_Data_Loading": 0.002805427710215251, "Timing_Stats/Train_Process_Batch": 0.015491847197214763, "Timing_Stats/Train_Train_Batch": 0.024529453118642172, "Timing_Stats/Train_Log_Info": 0.0011380712191263835, "Timing_Stats/Train_Epoch": 0.04408254226048788, "System/RAM Usage (MB)": 2304, "_runtime": 11841.159669160843, "_step": 2000, "Rollout/Return/Lifteither": 0.0, "Rollout/Return/Lifteither/mean": 0.0835, "Rollout/Return/Lifteither/std": 0.14351916248362098, "Rollout/Return/Lifteither/min": 0.0, "Rollout/Return/Lifteither/max": 0.76, "Rollout/Horizon/Lifteither": 400.0, "Rollout/Horizon/Lifteither/mean": 381.82250000000005, "Rollout/Horizon/Lifteither/std": 38.11086779056599, "Rollout/Horizon/Lifteither/min": 198.42, "Rollout/Horizon/Lifteither/max": 400.0, "Rollout/Success_Rate/Lifteither": 0.0, "Rollout/Success_Rate/Lifteither/mean": 0.0835, "Rollout/Success_Rate/Lifteither/std": 0.14351916248362098, "Rollout/Success_Rate/Lifteither/min": 0.0, "Rollout/Success_Rate/Lifteither/max": 0.76, "Rollout/time/Lifteither": 3.934181122779846, "Rollout/time/Lifteither/mean": 4.27693342936039, "Rollout/time/Lifteither/std": 0.44223397407568643, "Rollout/time/Lifteither/min": 2.3954136562347412, "Rollout/time/Lifteither/max": 4.867461881637573, "Timing_Stats/Rollout_Lifteither_Episode": 3.278484268983205, "rollout video": {"_type": "video-file", "sha256": "d5806f9cbc62867a485101a7cdbc9aa55404ef8e48b55be9d9d809278c6bf09e", "size": 4482137, "path": "media/videos/rollout video_2000_d5806f9cbc62867a4851.mp4"}, "_wandb": {"runtime": 11840}}