{"Train/Planner/Optimizer/goal_network0_lr": 0.0001, "_timestamp": 1719968452.218401, "Train/Planner/Loss": 4.894158419119776e-06, "Train/Planner/recons_loss": 4.044434622301196e-06, "Train/Planner/kl_loss": 8.497237946158976e-08, "Train/Planner/goal_loss": 4.894158419119776e-06, "Train/Planner/Grad_Norms": 2.3734664609742494e-06, "Train/Planner/Reconstruction_Loss": 4.044434622301196e-06, "Train/Planner/KL_Loss": 8.497237946158976e-08, "Train/Planner/Encoder_Variance": 0.9999999266862869, "Train/Actor/Optimizer/policy0_lr": 0.0001, "Train/Actor/Loss": 0.0012887147724904935, "Train/Actor/L2_Loss": 0.0012887147724904935, "Train/Actor/L1_Loss": 0.0005264536037248035, "Train/Actor/Cosine_Loss": 0.22348867118358612, "Train/Actor/Policy_Grad_Norms": 0.025776523603630426, "Train/Loss": 0.0012936089309096132, "Timing_Stats/Train_Data_Loading": 0.002803182601928711, "Timing_Stats/Train_Process_Batch": 0.023481603463490805, "Timing_Stats/Train_Train_Batch": 0.04701379934946696, "Timing_Stats/Train_Log_Info": 0.002145846684773763, "Timing_Stats/Train_Epoch": 0.07560722430547079, "System/RAM Usage (MB)": 1776, "_runtime": 22297.420167922974, "_step": 2000, "Rollout/Return/Lifteither": 0.04, "Rollout/Return/Lifteither/mean": 0.1285, "Rollout/Return/Lifteither/std": 0.10439228898726188, "Rollout/Return/Lifteither/min": 0.0, "Rollout/Return/Lifteither/max": 0.38, "Rollout/Horizon/Lifteither": 393.9, "Rollout/Horizon/Lifteither/mean": 379.30550000000005, "Rollout/Horizon/Lifteither/std": 16.645312245494225, "Rollout/Horizon/Lifteither/min": 345.26, "Rollout/Horizon/Lifteither/max": 400.0, "Rollout/Success_Rate/Lifteither": 0.04, "Rollout/Success_Rate/Lifteither/mean": 0.1285, "Rollout/Success_Rate/Lifteither/std": 0.10439228898726188, "Rollout/Success_Rate/Lifteither/min": 0.0, "Rollout/Success_Rate/Lifteither/max": 0.38, "Rollout/time/Lifteither": 7.920519890785218, "Rollout/time/Lifteither/mean": 7.086268854737281, "Rollout/time/Lifteither/std": 0.9931159699211918, "Rollout/time/Lifteither/min": 3.667901301383972, "Rollout/time/Lifteither/max": 8.117605400085449, "Timing_Stats/Rollout_Lifteither_Episode": 6.600433242321015, "rollout video": {"_type": "video-file", "sha256": "949e39351ec4a367c3937ff53841a9826b5deff0f7e5e9ac23c1399a1219ba05", "size": 4134607, "path": "media/videos/rollout video_2000_949e39351ec4a367c393.mp4"}, "_wandb": {"runtime": 22296}}