{"Train/Planner/Optimizer/goal_network0_lr": 0.0001, "_timestamp": 1720499764.368945, "Train/Planner/Loss": 0.003200097001827089, "Train/Planner/recons_loss": 0.00010927297254966106, "Train/Planner/kl_loss": 0.0003090824002970294, "Train/Planner/goal_loss": 0.003200097001827089, "Train/Planner/Grad_Norms": 41.77975399664904, "Train/Planner/Reconstruction_Loss": 0.00010927297254966106, "Train/Planner/KL_Loss": 0.0003090824002970294, "Train/Planner/Encoder_Variance": 0.9843319946527481, "Train/Actor/Optimizer/policy0_lr": 0.0001, "Train/Actor/Loss": 0.00036307705951912797, "Train/Actor/L2_Loss": 0.00036307705951912797, "Train/Actor/L1_Loss": 0.00014924908895409318, "Train/Actor/Cosine_Loss": 0.08880922622978688, "Train/Actor/Policy_Grad_Norms": 0.009741618815818294, "Train/Loss": 0.003563174061346217, "Timing_Stats/Train_Data_Loading": 0.0032212138175964355, "Timing_Stats/Train_Process_Batch": 0.0011395653088887533, "Timing_Stats/Train_Train_Batch": 0.023466849327087404, "Timing_Stats/Train_Log_Info": 0.0004260540008544922, "Timing_Stats/Train_Epoch": 0.02833491563796997, "System/RAM Usage (MB)": 6268, "_runtime": 9295.488347768784, "_step": 2000, "Rollout/Return/Lifteither": 0.36, "Rollout/Return/Lifteither/mean": 0.5539999999999999, "Rollout/Return/Lifteither/std": 0.22712111306525423, "Rollout/Return/Lifteither/min": 0.0, "Rollout/Return/Lifteither/max": 0.96, "Rollout/Horizon/Lifteither": 321.98, "Rollout/Horizon/Lifteither/mean": 309.149, "Rollout/Horizon/Lifteither/std": 39.56660560371587, "Rollout/Horizon/Lifteither/min": 230.54, "Rollout/Horizon/Lifteither/max": 400.0, "Rollout/Success_Rate/Lifteither": 0.36, "Rollout/Success_Rate/Lifteither/mean": 0.5539999999999999, "Rollout/Success_Rate/Lifteither/std": 0.22712111306525423, "Rollout/Success_Rate/Lifteither/min": 0.0, "Rollout/Success_Rate/Lifteither/max": 0.96, "Rollout/time/Lifteither": 2.8613412094116213, "Rollout/time/Lifteither/mean": 2.911458652377129, "Rollout/time/Lifteither/std": 0.2854410800168233, "Rollout/time/Lifteither/min": 2.3681902408599855, "Rollout/time/Lifteither/max": 3.6582680320739747, "Timing_Stats/Rollout_Lifteither_Episode": 2.3844510078430177, "rollout video": {"_type": "video-file", "sha256": "1deb842b9fd8f0389e5120bf794eedc1191a3910993cdc2f821f955500a4f256", "size": 5198544, "path": "media/videos/rollout video_2000_1deb842b9fd8f0389e51.mp4"}, "_wandb": {"runtime": 9295}}