{"Train/Planner/Optimizer/goal_network0_lr": 0.0001, "_timestamp": 1720333223.7962084, "Train/Planner/Loss": 0.00019291746517410502, "Train/Planner/recons_loss": 1.93583075360948e-05, "Train/Planner/kl_loss": 1.735592337354319e-05, "Train/Planner/goal_loss": 0.00019291746517410502, "Train/Planner/Grad_Norms": 26.285979563147748, "Train/Planner/Reconstruction_Loss": 1.93583075360948e-05, "Train/Planner/KL_Loss": 1.735592337354319e-05, "Train/Planner/Encoder_Variance": 0.9925820475816727, "Train/Actor/Optimizer/policy0_lr": 0.0001, "Train/Actor/Loss": 0.0007010094286852109, "Train/Actor/L2_Loss": 0.0007010094286852109, "Train/Actor/L1_Loss": 0.00028779901132111265, "Train/Actor/Cosine_Loss": 0.1545432259887457, "Train/Actor/Policy_Grad_Norms": 0.02133325375666579, "Train/Loss": 0.0008939268938593158, "Timing_Stats/Train_Data_Loading": 0.0025967876116434734, "Timing_Stats/Train_Process_Batch": 0.0007751623789469402, "Timing_Stats/Train_Train_Batch": 0.012103732426961262, "Timing_Stats/Train_Log_Info": 0.0004640817642211914, "Timing_Stats/Train_Epoch": 0.01599061886469523, "System/RAM Usage (MB)": 2880, "_runtime": 9974.200422286987, "_step": 2000, "Rollout/Return/Lifteither": 0.14, "Rollout/Return/Lifteither/mean": 0.21500000000000002, "Rollout/Return/Lifteither/std": 0.13599632347971766, "Rollout/Return/Lifteither/min": 0.0, "Rollout/Return/Lifteither/max": 0.52, "Rollout/Horizon/Lifteither": 382.66, "Rollout/Horizon/Lifteither/mean": 370.5745, "Rollout/Horizon/Lifteither/std": 18.88584125078891, "Rollout/Horizon/Lifteither/min": 312.12, "Rollout/Horizon/Lifteither/max": 400.0, "Rollout/Success_Rate/Lifteither": 0.14, "Rollout/Success_Rate/Lifteither/mean": 0.21500000000000002, "Rollout/Success_Rate/Lifteither/std": 0.13599632347971766, "Rollout/Success_Rate/Lifteither/min": 0.0, "Rollout/Success_Rate/Lifteither/max": 0.52, "Rollout/time/Lifteither": 3.2917418813705446, "Rollout/time/Lifteither/mean": 3.6713145641088487, "Rollout/time/Lifteither/std": 0.21404146794159845, "Rollout/time/Lifteither/min": 3.1552997827529907, "Rollout/time/Lifteither/max": 4.012660570144654, "Timing_Stats/Rollout_Lifteither_Episode": 2.7431182344754537, "rollout video": {"_type": "video-file", "sha256": "b143016469fbce98a71cc6a31e61b5139164d263b90f7652ad9d09699a6a9592", "size": 6045176, "path": "media/videos/rollout video_2000_b143016469fbce98a71c.mp4"}, "_wandb": {"runtime": 9973}}